"Feed temperature, °C","Feed pressure, kPa","Liquid 1 mass flow, kg/h","Liquid 2 mass flow, kg/h",Liquid 2 mass fraction (glycerol),Liquid 1 mass fraction (glycerol)
10,-0.01378,2447,455.5,0.5271,0
10,0.1089,2447,455.5,0.5271,0
10,0.2316,2447,455.5,0.5271,0
10,0.3543,2447,455.5,0.5271,0
10,0.4769,2447,455.5,0.5271,0
10,0.5996,2447,455.5,0.5271,0
10,0.7223,2447,455.5,0.5271,0
10,0.845,2447,455.5,0.5271,0
10,0.9677,2447,455.5,0.5271,0
10,1.09,2447,455.5,0.5271,0
10,1.213,2447,455.5,0.5271,0
10,1.336,2447,455.5,0.5271,0
10,1.458,2447,455.5,0.5271,0
10,1.581,2447,455.5,0.5271,0
10,1.704,2447,455.5,0.5271,0
10,1.826,2447,455.5,0.5271,0
10,1.949,2447,455.5,0.5271,0
10,2.072,2447,455.5,0.5271,0
10,2.194,2447,455.5,0.5271,0
10,2.317,2447,455.5,0.5271,0
10,2.44,2447,455.5,0.5271,0
10,2.562,2447,455.5,0.5271,0
10,2.685,2447,455.5,0.5271,0
10,2.808,2447,455.5,0.5271,0
10,2.931,2447,455.5,0.5271,0
10,3.053,2447,455.5,0.5271,0
10,3.176,2447,455.5,0.5271,0
10,3.299,2447,455.5,0.5271,0
10,3.421,2447,455.5,0.5271,0
10,3.544,2447,455.5,0.5271,0
10,3.667,2447,455.5,0.5271,0
10,3.789,2447,455.5,0.5271,0
10,3.912,2447,455.5,0.5271,0
10,4.035,2447,455.5,0.5271,0
10,4.157,2447,455.5,0.5271,0
10,4.28,2447,455.5,0.5271,0
10,4.403,2447,455.5,0.5271,0
10,4.525,2447,455.5,0.5271,0
10,4.648,2447,455.5,0.5271,0
10,4.771,2447,455.5,0.5271,0
10,4.893,2447,455.5,0.5271,0
10,5.016,2447,455.5,0.5271,0
10,5.139,2447,455.5,0.5271,0
10,5.261,2447,455.5,0.5271,0
10,5.384,2447,455.5,0.5271,0
10,5.507,2447,455.5,0.5271,0
10,5.629,2447,455.5,0.5271,0
10,5.752,2447,455.5,0.5271,0
10,5.875,2447,455.5,0.5271,0
10,5.997,2447,455.5,0.5271,0
12.83,-0.01378,2447,455.5,0.5271,0
12.83,0.1089,2447,455.5,0.5271,0
12.83,0.2316,2447,455.5,0.5271,0
12.83,0.3543,2447,455.5,0.5271,0
12.83,0.4769,2447,455.5,0.5271,0
12.83,0.5996,2447,455.5,0.5271,0
12.83,0.7223,2447,455.5,0.5271,0
12.83,0.845,2447,455.5,0.5271,0
12.83,0.9677,2447,455.5,0.5271,0
12.83,1.09,2447,455.5,0.5271,0
12.83,1.213,2447,455.5,0.5271,0
12.83,1.336,2447,455.5,0.5271,0
12.83,1.458,2447,455.5,0.5271,0
12.83,1.581,2447,455.5,0.5271,0
12.83,1.704,2447,455.5,0.5271,0
12.83,1.826,2447,455.5,0.5271,0
12.83,1.949,2447,455.5,0.5271,0
12.83,2.072,2447,455.5,0.5271,0
12.83,2.194,2447,455.5,0.5271,0
12.83,2.317,2447,455.5,0.5271,0
12.83,2.44,2447,455.5,0.5271,0
12.83,2.562,2447,455.5,0.5271,0
12.83,2.685,2447,455.5,0.5271,0
12.83,2.808,2447,455.5,0.5271,0
12.83,2.931,2447,455.5,0.5271,0
12.83,3.053,2447,455.5,0.5271,0
12.83,3.176,2447,455.5,0.5271,0
12.83,3.299,2447,455.5,0.5271,0
12.83,3.421,2447,455.5,0.5271,0
12.83,3.544,2447,455.5,0.5271,0
12.83,3.667,2447,455.5,0.5271,0
12.83,3.789,2447,455.5,0.5271,0
12.83,3.912,2447,455.5,0.5271,0
12.83,4.035,2447,455.5,0.5271,0
12.83,4.157,2447,455.5,0.5271,0
12.83,4.28,2447,455.5,0.5271,0
12.83,4.403,2447,455.5,0.5271,0
12.83,4.525,2447,455.5,0.5271,0
12.83,4.648,2447,455.5,0.5271,0
12.83,4.771,2447,455.5,0.5271,0
12.83,4.893,2447,455.5,0.5271,0
12.83,5.016,2447,455.5,0.5271,0
12.83,5.139,2447,455.5,0.5271,0
12.83,5.261,2447,455.5,0.5271,0
12.83,5.384,2447,455.5,0.5271,0
12.83,5.507,2447,455.5,0.5271,0
12.83,5.629,2447,455.5,0.5271,0
12.83,5.752,2447,455.5,0.5271,0
12.83,5.875,2447,455.5,0.5271,0
12.83,5.997,2447,455.5,0.5271,0
15.67,-0.01378,2447,455.5,0.5271,0
15.67,0.1089,2447,455.5,0.5271,0
15.67,0.2316,2447,455.5,0.5271,0
15.67,0.3543,2447,455.5,0.5271,0
15.67,0.4769,2447,455.5,0.5271,0
15.67,0.5996,2447,455.5,0.5271,0
15.67,0.7223,2447,455.5,0.5271,0
15.67,0.845,2447,455.5,0.5271,0
15.67,0.9677,2447,455.5,0.5271,0
15.67,1.09,2447,455.5,0.5271,0
15.67,1.213,2447,455.5,0.5271,0
15.67,1.336,2447,455.5,0.5271,0
15.67,1.458,2447,455.5,0.5271,0
15.67,1.581,2447,455.5,0.5271,0
15.67,1.704,2447,455.5,0.5271,0
15.67,1.826,2447,455.5,0.5271,0
15.67,1.949,2447,455.5,0.5271,0
15.67,2.072,2447,455.5,0.5271,0
15.67,2.194,2447,455.5,0.5271,0
15.67,2.317,2447,455.5,0.5271,0
15.67,2.44,2447,455.5,0.5271,0
15.67,2.562,2447,455.5,0.5271,0
15.67,2.685,2447,455.5,0.5271,0
15.67,2.808,2447,455.5,0.5271,0
15.67,2.931,2447,455.5,0.5271,0
15.67,3.053,2447,455.5,0.5271,0
15.67,3.176,2447,455.5,0.5271,0
15.67,3.299,2447,455.5,0.5271,0
15.67,3.421,2447,455.5,0.5271,0
15.67,3.544,2447,455.5,0.5271,0
15.67,3.667,2447,455.5,0.5271,0
15.67,3.789,2447,455.5,0.5271,0
15.67,3.912,2447,455.5,0.5271,0
15.67,4.035,2447,455.5,0.5271,0
15.67,4.157,2447,455.5,0.5271,0
15.67,4.28,2447,455.5,0.5271,0
15.67,4.403,2447,455.5,0.5271,0
15.67,4.525,2447,455.5,0.5271,0
15.67,4.648,2447,455.5,0.5271,0
15.67,4.771,2447,455.5,0.5271,0
15.67,4.893,2447,455.5,0.5271,0
15.67,5.016,2447,455.5,0.5271,0
15.67,5.139,2447,455.5,0.5271,0
15.67,5.261,2447,455.5,0.5271,0
15.67,5.384,2447,455.5,0.5271,0
15.67,5.507,2447,455.5,0.5271,0
15.67,5.629,2447,455.5,0.5271,0
15.67,5.752,2447,455.5,0.5271,0
15.67,5.875,2447,455.5,0.5271,0
15.67,5.997,2447,455.5,0.5271,0
18.5,-0.01378,2447,455.5,0.5271,0
18.5,0.1089,2447,455.5,0.5271,0
18.5,0.2316,2447,455.5,0.5271,0
18.5,0.3543,2447,455.5,0.5271,0
18.5,0.4769,2447,455.5,0.5271,0
18.5,0.5996,2447,455.5,0.5271,0
18.5,0.7223,2447,455.5,0.5271,0
18.5,0.845,2447,455.5,0.5271,0
18.5,0.9677,2447,455.5,0.5271,0
18.5,1.09,2447,455.5,0.5271,0
18.5,1.213,2447,455.5,0.5271,0
18.5,1.336,2447,455.5,0.5271,0
18.5,1.458,2447,455.5,0.5271,0
18.5,1.581,2447,455.5,0.5271,0
18.5,1.704,2447,455.5,0.5271,0
18.5,1.826,2447,455.5,0.5271,0
18.5,1.949,2447,455.5,0.5271,0
18.5,2.072,2447,455.5,0.5271,0
18.5,2.194,2447,455.5,0.5271,0
18.5,2.317,2447,455.5,0.5271,0
18.5,2.44,2447,455.5,0.5271,0
18.5,2.562,2447,455.5,0.5271,0
18.5,2.685,2447,455.5,0.5271,0
18.5,2.808,2447,455.5,0.5271,0
18.5,2.931,2447,455.5,0.5271,0
18.5,3.053,2447,455.5,0.5271,0
18.5,3.176,2447,455.5,0.5271,0
18.5,3.299,2447,455.5,0.5271,0
18.5,3.421,2447,455.5,0.5271,0
18.5,3.544,2447,455.5,0.5271,0
18.5,3.667,2447,455.5,0.5271,0
18.5,3.789,2447,455.5,0.5271,0
18.5,3.912,2447,455.5,0.5271,0
18.5,4.035,2447,455.5,0.5271,0
18.5,4.157,2447,455.5,0.5271,0
18.5,4.28,2447,455.5,0.5271,0
18.5,4.403,2447,455.5,0.5271,0
18.5,4.525,2447,455.5,0.5271,0
18.5,4.648,2447,455.5,0.5271,0
18.5,4.771,2447,455.5,0.5271,0
18.5,4.893,2447,455.5,0.5271,0
18.5,5.016,2447,455.5,0.5271,0
18.5,5.139,2447,455.5,0.5271,0
18.5,5.261,2447,455.5,0.5271,0
18.5,5.384,2447,455.5,0.5271,0
18.5,5.507,2447,455.5,0.5271,0
18.5,5.629,2447,455.5,0.5271,0
18.5,5.752,2447,455.5,0.5271,0
18.5,5.875,2447,455.5,0.5271,0
18.5,5.997,2447,455.5,0.5271,0
21.34,-0.01378,2447,455.5,0.5271,0
21.34,0.1089,2447,455.5,0.5271,0
21.34,0.2316,2447,455.5,0.5271,0
21.34,0.3543,2447,455.5,0.5271,0
21.34,0.4769,2447,455.5,0.5271,0
21.34,0.5996,2447,455.5,0.5271,0
21.34,0.7223,2447,455.5,0.5271,0
21.34,0.845,2447,455.5,0.5271,0
21.34,0.9677,2447,455.5,0.5271,0
21.34,1.09,2447,455.5,0.5271,0
21.34,1.213,2447,455.5,0.5271,0
21.34,1.336,2447,455.5,0.5271,0
21.34,1.458,2447,455.5,0.5271,0
21.34,1.581,2447,455.5,0.5271,0
21.34,1.704,2447,455.5,0.5271,0
21.34,1.826,2447,455.5,0.5271,0
21.34,1.949,2447,455.5,0.5271,0
21.34,2.072,2447,455.5,0.5271,0
21.34,2.194,2447,455.5,0.5271,0
21.34,2.317,2447,455.5,0.5271,0
21.34,2.44,2447,455.5,0.5271,0
21.34,2.562,2447,455.5,0.5271,0
21.34,2.685,2447,455.5,0.5271,0
21.34,2.808,2447,455.5,0.5271,0
21.34,2.931,2447,455.5,0.5271,0
21.34,3.053,2447,455.5,0.5271,0
21.34,3.176,2447,455.5,0.5271,0
21.34,3.299,2447,455.5,0.5271,0
21.34,3.421,2447,455.5,0.5271,0
21.34,3.544,2447,455.5,0.5271,0
21.34,3.667,2447,455.5,0.5271,0
21.34,3.789,2447,455.5,0.5271,0
21.34,3.912,2447,455.5,0.5271,0
21.34,4.035,2447,455.5,0.5271,0
21.34,4.157,2447,455.5,0.5271,0
21.34,4.28,2447,455.5,0.5271,0
21.34,4.403,2447,455.5,0.5271,0
21.34,4.525,2447,455.5,0.5271,0
21.34,4.648,2447,455.5,0.5271,0
21.34,4.771,2447,455.5,0.5271,0
21.34,4.893,2447,455.5,0.5271,0
21.34,5.016,2447,455.5,0.5271,0
21.34,5.139,2447,455.5,0.5271,0
21.34,5.261,2447,455.5,0.5271,0
21.34,5.384,2447,455.5,0.5271,0
21.34,5.507,2447,455.5,0.5271,0
21.34,5.629,2447,455.5,0.5271,0
21.34,5.752,2447,455.5,0.5271,0
21.34,5.875,2447,455.5,0.5271,0
21.34,5.997,2447,455.5,0.5271,0
24.17,-0.01378,2447,455.5,0.5271,0
24.17,0.1089,2447,455.5,0.5271,0
24.17,0.2316,2447,455.5,0.5271,0
24.17,0.3543,2447,455.5,0.5271,0
24.17,0.4769,2447,455.5,0.5271,0
24.17,0.5996,2447,455.5,0.5271,0
24.17,0.7223,2447,455.5,0.5271,0
24.17,0.845,2447,455.5,0.5271,0
24.17,0.9677,2447,455.5,0.5271,0
24.17,1.09,2447,455.5,0.5271,0
24.17,1.213,2447,455.5,0.5271,0
24.17,1.336,2447,455.5,0.5271,0
24.17,1.458,2447,455.5,0.5271,0
24.17,1.581,2447,455.5,0.5271,0
24.17,1.704,2447,455.5,0.5271,0
24.17,1.826,2447,455.5,0.5271,0
24.17,1.949,2447,455.5,0.5271,0
24.17,2.072,2447,455.5,0.5271,0
24.17,2.194,2447,455.5,0.5271,0
24.17,2.317,2447,455.5,0.5271,0
24.17,2.44,2447,455.5,0.5271,0
24.17,2.562,2447,455.5,0.5271,0
24.17,2.685,2447,455.5,0.5271,0
24.17,2.808,2447,455.5,0.5271,0
24.17,2.931,2447,455.5,0.5271,0
24.17,3.053,2447,455.5,0.5271,0
24.17,3.176,2447,455.5,0.5271,0
24.17,3.299,2447,455.5,0.5271,0
24.17,3.421,2447,455.5,0.5271,0
24.17,3.544,2447,455.5,0.5271,0
24.17,3.667,2447,455.5,0.5271,0
24.17,3.789,2447,455.5,0.5271,0
24.17,3.912,2447,455.5,0.5271,0
24.17,4.035,2447,455.5,0.5271,0
24.17,4.157,2447,455.5,0.5271,0
24.17,4.28,2447,455.5,0.5271,0
24.17,4.403,2447,455.5,0.5271,0
24.17,4.525,2447,455.5,0.5271,0
24.17,4.648,2447,455.5,0.5271,0
24.17,4.771,2447,455.5,0.5271,0
24.17,4.893,2447,455.5,0.5271,0
24.17,5.016,2447,455.5,0.5271,0
24.17,5.139,2447,455.5,0.5271,0
24.17,5.261,2447,455.5,0.5271,0
24.17,5.384,2447,455.5,0.5271,0
24.17,5.507,2447,455.5,0.5271,0
24.17,5.629,2447,455.5,0.5271,0
24.17,5.752,2447,455.5,0.5271,0
24.17,5.875,2447,455.5,0.5271,0
24.17,5.997,2447,455.5,0.5271,0
27.01,-0.01378,2447,455.4,0.5271,0
27.01,0.1089,2447,455.4,0.5271,0
27.01,0.2316,2447,455.4,0.5271,0
27.01,0.3543,2447,455.4,0.5271,0
27.01,0.4769,2447,455.4,0.5271,0
27.01,0.5996,2447,455.4,0.5271,0
27.01,0.7223,2447,455.4,0.5271,0
27.01,0.845,2447,455.4,0.5271,0
27.01,0.9677,2447,455.4,0.5271,0
27.01,1.09,2447,455.4,0.5271,0
27.01,1.213,2447,455.4,0.5271,0
27.01,1.336,2447,455.4,0.5271,0
27.01,1.458,2447,455.4,0.5271,0
27.01,1.581,2447,455.4,0.5271,0
27.01,1.704,2447,455.4,0.5271,0
27.01,1.826,2447,455.4,0.5271,0
27.01,1.949,2447,455.4,0.5271,0
27.01,2.072,2447,455.4,0.5271,0
27.01,2.194,2447,455.4,0.5271,0
27.01,2.317,2447,455.4,0.5271,0
27.01,2.44,2447,455.4,0.5271,0
27.01,2.562,2447,455.4,0.5271,0
27.01,2.685,2447,455.4,0.5271,0
27.01,2.808,2447,455.4,0.5271,0
27.01,2.931,2447,455.4,0.5271,0
27.01,3.053,2447,455.4,0.5271,0
27.01,3.176,2447,455.4,0.5271,0
27.01,3.299,2447,455.4,0.5271,0
27.01,3.421,2447,455.4,0.5271,0
27.01,3.544,2447,455.4,0.5271,0
27.01,3.667,2447,455.4,0.5271,0
27.01,3.789,2447,455.4,0.5271,0
27.01,3.912,2447,455.4,0.5271,0
27.01,4.035,2447,455.4,0.5271,0
27.01,4.157,2447,455.4,0.5271,0
27.01,4.28,2447,455.4,0.5271,0
27.01,4.403,2447,455.4,0.5271,0
27.01,4.525,2447,455.4,0.5271,0
27.01,4.648,2447,455.4,0.5271,0
27.01,4.771,2447,455.4,0.5271,0
27.01,4.893,2447,455.4,0.5271,0
27.01,5.016,2447,455.4,0.5271,0
27.01,5.139,2447,455.4,0.5271,0
27.01,5.261,2447,455.4,0.5271,0
27.01,5.384,2447,455.4,0.5271,0
27.01,5.507,2447,455.4,0.5271,0
27.01,5.629,2447,455.4,0.5271,0
27.01,5.752,2447,455.4,0.5271,0
27.01,5.875,2447,455.4,0.5271,0
27.01,5.997,2447,455.4,0.5271,0
29.84,-0.01378,2447,455.4,0.5271,0
29.84,0.1089,2447,455.4,0.5271,0
29.84,0.2316,2447,455.4,0.5271,0
29.84,0.3543,2447,455.4,0.5271,0
29.84,0.4769,2447,455.4,0.5271,0
29.84,0.5996,2447,455.4,0.5271,0
29.84,0.7223,2447,455.4,0.5271,0
29.84,0.845,2447,455.4,0.5271,0
29.84,0.9677,2447,455.4,0.5271,0
29.84,1.09,2447,455.4,0.5271,0
29.84,1.213,2447,455.4,0.5271,0
29.84,1.336,2447,455.4,0.5271,0
29.84,1.458,2447,455.4,0.5271,0
29.84,1.581,2447,455.4,0.5271,0
29.84,1.704,2447,455.4,0.5271,0
29.84,1.826,2447,455.4,0.5271,0
29.84,1.949,2447,455.4,0.5271,0
29.84,2.072,2447,455.4,0.5271,0
29.84,2.194,2447,455.4,0.5271,0
29.84,2.317,2447,455.4,0.5271,0
29.84,2.44,2447,455.4,0.5271,0
29.84,2.562,2447,455.4,0.5271,0
29.84,2.685,2447,455.4,0.5271,0
29.84,2.808,2447,455.4,0.5271,0
29.84,2.931,2447,455.4,0.5271,0
29.84,3.053,2447,455.4,0.5271,0
29.84,3.176,2447,455.4,0.5271,0
29.84,3.299,2447,455.4,0.5271,0
29.84,3.421,2447,455.4,0.5271,0
29.84,3.544,2447,455.4,0.5271,0
29.84,3.667,2447,455.4,0.5271,0
29.84,3.789,2447,455.4,0.5271,0
29.84,3.912,2447,455.4,0.5271,0
29.84,4.035,2447,455.4,0.5271,0
29.84,4.157,2447,455.4,0.5271,0
29.84,4.28,2447,455.4,0.5271,0
29.84,4.403,2447,455.4,0.5271,0
29.84,4.525,2447,455.4,0.5271,0
29.84,4.648,2447,455.4,0.5271,0
29.84,4.771,2447,455.4,0.5271,0
29.84,4.893,2447,455.4,0.5271,0
29.84,5.016,2447,455.4,0.5271,0
29.84,5.139,2447,455.4,0.5271,0
29.84,5.261,2447,455.4,0.5271,0
29.84,5.384,2447,455.4,0.5271,0
29.84,5.507,2447,455.4,0.5271,0
29.84,5.629,2447,455.4,0.5271,0
29.84,5.752,2447,455.4,0.5271,0
29.84,5.875,2447,455.4,0.5271,0
29.84,5.997,2447,455.4,0.5271,0
32.68,-0.01378,2447,455.4,0.5271,0
32.68,0.1089,2447,455.4,0.5271,0
32.68,0.2316,2447,455.4,0.5271,0
32.68,0.3543,2447,455.4,0.5271,0
32.68,0.4769,2447,455.4,0.5271,0
32.68,0.5996,2447,455.4,0.5271,0
32.68,0.7223,2447,455.4,0.5271,0
32.68,0.845,2447,455.4,0.5271,0
32.68,0.9677,2447,455.4,0.5271,0
32.68,1.09,2447,455.4,0.5271,0
32.68,1.213,2447,455.4,0.5271,0
32.68,1.336,2447,455.4,0.5271,0
32.68,1.458,2447,455.4,0.5271,0
32.68,1.581,2447,455.4,0.5271,0
32.68,1.704,2447,455.4,0.5271,0
32.68,1.826,2447,455.4,0.5271,0
32.68,1.949,2447,455.4,0.5271,0
32.68,2.072,2447,455.4,0.5271,0
32.68,2.194,2447,455.4,0.5271,0
32.68,2.317,2447,455.4,0.5271,0
32.68,2.44,2447,455.4,0.5271,0
32.68,2.562,2447,455.4,0.5271,0
32.68,2.685,2447,455.4,0.5271,0
32.68,2.808,2447,455.4,0.5271,0
32.68,2.931,2447,455.4,0.5271,0
32.68,3.053,2447,455.4,0.5271,0
32.68,3.176,2447,455.4,0.5271,0
32.68,3.299,2447,455.4,0.5271,0
32.68,3.421,2447,455.4,0.5271,0
32.68,3.544,2447,455.4,0.5271,0
32.68,3.667,2447,455.4,0.5271,0
32.68,3.789,2447,455.4,0.5271,0
32.68,3.912,2447,455.4,0.5271,0
32.68,4.035,2447,455.4,0.5271,0
32.68,4.157,2447,455.4,0.5271,0
32.68,4.28,2447,455.4,0.5271,0
32.68,4.403,2447,455.4,0.5271,0
32.68,4.525,2447,455.4,0.5271,0
32.68,4.648,2447,455.4,0.5271,0
32.68,4.771,2447,455.4,0.5271,0
32.68,4.893,2447,455.4,0.5271,0
32.68,5.016,2447,455.4,0.5271,0
32.68,5.139,2447,455.4,0.5271,0
32.68,5.261,2447,455.4,0.5271,0
32.68,5.384,2447,455.4,0.5271,0
32.68,5.507,2447,455.4,0.5271,0
32.68,5.629,2447,455.4,0.5271,0
32.68,5.752,2447,455.4,0.5271,0
32.68,5.875,2447,455.4,0.5271,0
32.68,5.997,2447,455.4,0.5271,0
35.51,-0.01378,2447,455.4,0.5271,0
35.51,0.1089,2447,455.4,0.5271,0
35.51,0.2316,2447,455.4,0.5271,0
35.51,0.3543,2447,455.4,0.5271,0
35.51,0.4769,2447,455.4,0.5271,0
35.51,0.5996,2447,455.4,0.5271,0
35.51,0.7223,2447,455.4,0.5271,0
35.51,0.845,2447,455.4,0.5271,0
35.51,0.9677,2447,455.4,0.5271,0
35.51,1.09,2447,455.4,0.5271,0
35.51,1.213,2447,455.4,0.5271,0
35.51,1.336,2447,455.4,0.5271,0
35.51,1.458,2447,455.4,0.5271,0
35.51,1.581,2447,455.4,0.5271,0
35.51,1.704,2447,455.4,0.5271,0
35.51,1.826,2447,455.4,0.5271,0
35.51,1.949,2447,455.4,0.5271,0
35.51,2.072,2447,455.4,0.5271,0
35.51,2.194,2447,455.4,0.5271,0
35.51,2.317,2447,455.4,0.5271,0
35.51,2.44,2447,455.4,0.5271,0
35.51,2.562,2447,455.4,0.5271,0
35.51,2.685,2447,455.4,0.5271,0
35.51,2.808,2447,455.4,0.5271,0
35.51,2.931,2447,455.4,0.5271,0
35.51,3.053,2447,455.4,0.5271,0
35.51,3.176,2447,455.4,0.5271,0
35.51,3.299,2447,455.4,0.5271,0
35.51,3.421,2447,455.4,0.5271,0
35.51,3.544,2447,455.4,0.5271,0
35.51,3.667,2447,455.4,0.5271,0
35.51,3.789,2447,455.4,0.5271,0
35.51,3.912,2447,455.4,0.5271,0
35.51,4.035,2447,455.4,0.5271,0
35.51,4.157,2447,455.4,0.5271,0
35.51,4.28,2447,455.4,0.5271,0
35.51,4.403,2447,455.4,0.5271,0
35.51,4.525,2447,455.4,0.5271,0
35.51,4.648,2447,455.4,0.5271,0
35.51,4.771,2447,455.4,0.5271,0
35.51,4.893,2447,455.4,0.5271,0
35.51,5.016,2447,455.4,0.5271,0
35.51,5.139,2447,455.4,0.5271,0
35.51,5.261,2447,455.4,0.5271,0
35.51,5.384,2447,455.4,0.5271,0
35.51,5.507,2447,455.4,0.5271,0
35.51,5.629,2447,455.4,0.5271,0
35.51,5.752,2447,455.4,0.5271,0
35.51,5.875,2447,455.4,0.5271,0
35.51,5.997,2447,455.4,0.5271,0
38.34,-0.01378,2447,455.4,0.5271,0
38.34,0.1089,2447,455.4,0.5271,0
38.34,0.2316,2447,455.4,0.5271,0
38.34,0.3543,2447,455.4,0.5271,0
38.34,0.4769,2447,455.4,0.5271,0
38.34,0.5996,2447,455.4,0.5271,0
38.34,0.7223,2447,455.4,0.5271,0
38.34,0.845,2447,455.4,0.5271,0
38.34,0.9677,2447,455.4,0.5271,0
38.34,1.09,2447,455.4,0.5271,0
38.34,1.213,2447,455.4,0.5271,0
38.34,1.336,2447,455.4,0.5271,0
38.34,1.458,2447,455.4,0.5271,0
38.34,1.581,2447,455.4,0.5271,0
38.34,1.704,2447,455.4,0.5271,0
38.34,1.826,2447,455.4,0.5271,0
38.34,1.949,2447,455.4,0.5271,0
38.34,2.072,2447,455.4,0.5271,0
38.34,2.194,2447,455.4,0.5271,0
38.34,2.317,2447,455.4,0.5271,0
38.34,2.44,2447,455.4,0.5271,0
38.34,2.562,2447,455.4,0.5271,0
38.34,2.685,2447,455.4,0.5271,0
38.34,2.808,2447,455.4,0.5271,0
38.34,2.931,2447,455.4,0.5271,0
38.34,3.053,2447,455.4,0.5271,0
38.34,3.176,2447,455.4,0.5271,0
38.34,3.299,2447,455.4,0.5271,0
38.34,3.421,2447,455.4,0.5271,0
38.34,3.544,2447,455.4,0.5271,0
38.34,3.667,2447,455.4,0.5271,0
38.34,3.789,2447,455.4,0.5271,0
38.34,3.912,2447,455.4,0.5271,0
38.34,4.035,2447,455.4,0.5271,0
38.34,4.157,2447,455.4,0.5271,0
38.34,4.28,2447,455.4,0.5271,0
38.34,4.403,2447,455.4,0.5271,0
38.34,4.525,2447,455.4,0.5271,0
38.34,4.648,2447,455.4,0.5271,0
38.34,4.771,2447,455.4,0.5271,0
38.34,4.893,2447,455.4,0.5271,0
38.34,5.016,2447,455.4,0.5271,0
38.34,5.139,2447,455.4,0.5271,0
38.34,5.261,2447,455.4,0.5271,0
38.34,5.384,2447,455.4,0.5271,0
38.34,5.507,2447,455.4,0.5271,0
38.34,5.629,2447,455.4,0.5271,0
38.34,5.752,2447,455.4,0.5271,0
38.34,5.875,2447,455.4,0.5271,0
38.34,5.997,2447,455.4,0.5271,0
41.18,-0.01378,2447,455.3,0.5271,0
41.18,0.1089,2447,455.3,0.5271,0
41.18,0.2316,2447,455.3,0.5271,0
41.18,0.3543,2447,455.3,0.5271,0
41.18,0.4769,2447,455.3,0.5271,0
41.18,0.5996,2447,455.3,0.5271,0
41.18,0.7223,2447,455.3,0.5271,0
41.18,0.845,2447,455.3,0.5271,0
41.18,0.9677,2447,455.3,0.5271,0
41.18,1.09,2447,455.3,0.5271,0
41.18,1.213,2447,455.3,0.5271,0
41.18,1.336,2447,455.3,0.5271,0
41.18,1.458,2447,455.3,0.5271,0
41.18,1.581,2447,455.3,0.5271,0
41.18,1.704,2447,455.3,0.5271,0
41.18,1.826,2447,455.3,0.5271,0
41.18,1.949,2447,455.3,0.5271,0
41.18,2.072,2447,455.3,0.5271,0
41.18,2.194,2447,455.3,0.5271,0
41.18,2.317,2447,455.3,0.5271,0
41.18,2.44,2447,455.3,0.5271,0
41.18,2.562,2447,455.3,0.5271,0
41.18,2.685,2447,455.3,0.5271,0
41.18,2.808,2447,455.3,0.5271,0
41.18,2.931,2447,455.3,0.5271,0
41.18,3.053,2447,455.3,0.5271,0
41.18,3.176,2447,455.3,0.5271,0
41.18,3.299,2447,455.3,0.5271,0
41.18,3.421,2447,455.3,0.5271,0
41.18,3.544,2447,455.3,0.5271,0
41.18,3.667,2447,455.3,0.5271,0
41.18,3.789,2447,455.3,0.5271,0
41.18,3.912,2447,455.3,0.5271,0
41.18,4.035,2447,455.3,0.5271,0
41.18,4.157,2447,455.3,0.5271,0
41.18,4.28,2447,455.3,0.5271,0
41.18,4.403,2447,455.3,0.5271,0
41.18,4.525,2447,455.3,0.5271,0
41.18,4.648,2447,455.3,0.5271,0
41.18,4.771,2447,455.3,0.5271,0
41.18,4.893,2447,455.3,0.5271,0
41.18,5.016,2447,455.3,0.5271,0
41.18,5.139,2447,455.3,0.5271,0
41.18,5.261,2447,455.3,0.5271,0
41.18,5.384,2447,455.3,0.5271,0
41.18,5.507,2447,455.3,0.5271,0
41.18,5.629,2447,455.3,0.5271,0
41.18,5.752,2447,455.3,0.5271,0
41.18,5.875,2447,455.3,0.5271,0
41.18,5.997,2447,455.3,0.5271,0
44.01,-0.01378,2447,455.3,0.5271,0
44.01,0.1089,2447,455.3,0.5271,0
44.01,0.2316,2447,455.3,0.5271,0
44.01,0.3543,2447,455.3,0.5271,0
44.01,0.4769,2447,455.3,0.5271,0
44.01,0.5996,2447,455.3,0.5271,0
44.01,0.7223,2447,455.3,0.5271,0
44.01,0.845,2447,455.3,0.5271,0
44.01,0.9677,2447,455.3,0.5271,0
44.01,1.09,2447,455.3,0.5271,0
44.01,1.213,2447,455.3,0.5271,0
44.01,1.336,2447,455.3,0.5271,0
44.01,1.458,2447,455.3,0.5271,0
44.01,1.581,2447,455.3,0.5271,0
44.01,1.704,2447,455.3,0.5271,0
44.01,1.826,2447,455.3,0.5271,0
44.01,1.949,2447,455.3,0.5271,0
44.01,2.072,2447,455.3,0.5271,0
44.01,2.194,2447,455.3,0.5271,0
44.01,2.317,2447,455.3,0.5271,0
44.01,2.44,2447,455.3,0.5271,0
44.01,2.562,2447,455.3,0.5271,0
44.01,2.685,2447,455.3,0.5271,0
44.01,2.808,2447,455.3,0.5271,0
44.01,2.931,2447,455.3,0.5271,0
44.01,3.053,2447,455.3,0.5271,0
44.01,3.176,2447,455.3,0.5271,0
44.01,3.299,2447,455.3,0.5271,0
44.01,3.421,2447,455.3,0.5271,0
44.01,3.544,2447,455.3,0.5271,0
44.01,3.667,2447,455.3,0.5271,0
44.01,3.789,2447,455.3,0.5271,0
44.01,3.912,2447,455.3,0.5271,0
44.01,4.035,2447,455.3,0.5271,0
44.01,4.157,2447,455.3,0.5271,0
44.01,4.28,2447,455.3,0.5271,0
44.01,4.403,2447,455.3,0.5271,0
44.01,4.525,2447,455.3,0.5271,0
44.01,4.648,2447,455.3,0.5271,0
44.01,4.771,2447,455.3,0.5271,0
44.01,4.893,2447,455.3,0.5271,0
44.01,5.016,2447,455.3,0.5271,0
44.01,5.139,2447,455.3,0.5271,0
44.01,5.261,2447,455.3,0.5271,0
44.01,5.384,2447,455.3,0.5271,0
44.01,5.507,2447,455.3,0.5271,0
44.01,5.629,2447,455.3,0.5271,0
44.01,5.752,2447,455.3,0.5271,0
44.01,5.875,2447,455.3,0.5271,0
44.01,5.997,2447,455.3,0.5271,0
46.85,-0.01378,2447,455.3,0.5272,0
46.85,0.1089,2447,455.3,0.5272,0
46.85,0.2316,2447,455.3,0.5272,0
46.85,0.3543,2447,455.3,0.5272,0
46.85,0.4769,2447,455.3,0.5272,0
46.85,0.5996,2447,455.3,0.5272,0
46.85,0.7223,2447,455.3,0.5272,0
46.85,0.845,2447,455.3,0.5272,0
46.85,0.9677,2447,455.3,0.5272,0
46.85,1.09,2447,455.3,0.5272,0
46.85,1.213,2447,455.3,0.5272,0
46.85,1.336,2447,455.3,0.5272,0
46.85,1.458,2447,455.3,0.5272,0
46.85,1.581,2447,455.3,0.5272,0
46.85,1.704,2447,455.3,0.5272,0
46.85,1.826,2447,455.3,0.5272,0
46.85,1.949,2447,455.3,0.5272,0
46.85,2.072,2447,455.3,0.5272,0
46.85,2.194,2447,455.3,0.5272,0
46.85,2.317,2447,455.3,0.5272,0
46.85,2.44,2447,455.3,0.5272,0
46.85,2.562,2447,455.3,0.5272,0
46.85,2.685,2447,455.3,0.5272,0
46.85,2.808,2447,455.3,0.5272,0
46.85,2.931,2447,455.3,0.5272,0
46.85,3.053,2447,455.3,0.5272,0
46.85,3.176,2447,455.3,0.5272,0
46.85,3.299,2447,455.3,0.5272,0
46.85,3.421,2447,455.3,0.5272,0
46.85,3.544,2447,455.3,0.5272,0
46.85,3.667,2447,455.3,0.5272,0
46.85,3.789,2447,455.3,0.5272,0
46.85,3.912,2447,455.3,0.5272,0
46.85,4.035,2447,455.3,0.5272,0
46.85,4.157,2447,455.3,0.5272,0
46.85,4.28,2447,455.3,0.5272,0
46.85,4.403,2447,455.3,0.5272,0
46.85,4.525,2447,455.3,0.5272,0
46.85,4.648,2447,455.3,0.5272,0
46.85,4.771,2447,455.3,0.5272,0
46.85,4.893,2447,455.3,0.5272,0
46.85,5.016,2447,455.3,0.5272,0
46.85,5.139,2447,455.3,0.5272,0
46.85,5.261,2447,455.3,0.5272,0
46.85,5.384,2447,455.3,0.5272,0
46.85,5.507,2447,455.3,0.5272,0
46.85,5.629,2447,455.3,0.5272,0
46.85,5.752,2447,455.3,0.5272,0
46.85,5.875,2447,455.3,0.5272,0
46.85,5.997,2447,455.3,0.5272,0
49.68,-0.01378,2447,455.2,0.5272,0.0001
49.68,0.1089,2447,455.2,0.5272,0.0001
49.68,0.2316,2447,455.2,0.5272,0.0001
49.68,0.3543,2447,455.2,0.5272,0.0001
49.68,0.4769,2447,455.2,0.5272,0.0001
49.68,0.5996,2447,455.2,0.5272,0.0001
49.68,0.7223,2447,455.2,0.5272,0.0001
49.68,0.845,2447,455.2,0.5272,0.0001
49.68,0.9677,2447,455.2,0.5272,0.0001
49.68,1.09,2447,455.2,0.5272,0.0001
49.68,1.213,2447,455.2,0.5272,0.0001
49.68,1.336,2447,455.2,0.5272,0.0001
49.68,1.458,2447,455.2,0.5272,0.0001
49.68,1.581,2447,455.2,0.5272,0.0001
49.68,1.704,2447,455.2,0.5272,0.0001
49.68,1.826,2447,455.2,0.5272,0.0001
49.68,1.949,2447,455.2,0.5272,0.0001
49.68,2.072,2447,455.2,0.5272,0.0001
49.68,2.194,2447,455.2,0.5272,0.0001
49.68,2.317,2447,455.2,0.5272,0.0001
49.68,2.44,2447,455.2,0.5272,0.0001
49.68,2.562,2447,455.2,0.5272,0.0001
49.68,2.685,2447,455.2,0.5272,0.0001
49.68,2.808,2447,455.2,0.5272,0.0001
49.68,2.931,2447,455.2,0.5272,0.0001
49.68,3.053,2447,455.2,0.5272,0.0001
49.68,3.176,2447,455.2,0.5272,0.0001
49.68,3.299,2447,455.2,0.5272,0.0001
49.68,3.421,2447,455.2,0.5272,0.0001
49.68,3.544,2447,455.2,0.5272,0.0001
49.68,3.667,2447,455.2,0.5272,0.0001
49.68,3.789,2447,455.2,0.5272,0.0001
49.68,3.912,2447,455.2,0.5272,0.0001
49.68,4.035,2447,455.2,0.5272,0.0001
49.68,4.157,2447,455.2,0.5272,0.0001
49.68,4.28,2447,455.2,0.5272,0.0001
49.68,4.403,2447,455.2,0.5272,0.0001
49.68,4.525,2447,455.2,0.5272,0.0001
49.68,4.648,2447,455.2,0.5272,0.0001
49.68,4.771,2447,455.2,0.5272,0.0001
49.68,4.893,2447,455.2,0.5272,0.0001
49.68,5.016,2447,455.2,0.5272,0.0001
49.68,5.139,2447,455.2,0.5272,0.0001
49.68,5.261,2447,455.2,0.5272,0.0001
49.68,5.384,2447,455.2,0.5272,0.0001
49.68,5.507,2447,455.2,0.5272,0.0001
49.68,5.629,2447,455.2,0.5272,0.0001
49.68,5.752,2447,455.2,0.5272,0.0001
49.68,5.875,2447,455.2,0.5272,0.0001
49.68,5.997,2447,455.2,0.5272,0.0001
52.52,-0.01378,2447,455.2,0.5272,0.0001
52.52,0.1089,2447,455.2,0.5272,0.0001
52.52,0.2316,2447,455.2,0.5272,0.0001
52.52,0.3543,2447,455.2,0.5272,0.0001
52.52,0.4769,2447,455.2,0.5272,0.0001
52.52,0.5996,2447,455.2,0.5272,0.0001
52.52,0.7223,2447,455.2,0.5272,0.0001
52.52,0.845,2447,455.2,0.5272,0.0001
52.52,0.9677,2447,455.2,0.5272,0.0001
52.52,1.09,2447,455.2,0.5272,0.0001
52.52,1.213,2447,455.2,0.5272,0.0001
52.52,1.336,2447,455.2,0.5272,0.0001
52.52,1.458,2447,455.2,0.5272,0.0001
52.52,1.581,2447,455.2,0.5272,0.0001
52.52,1.704,2447,455.2,0.5272,0.0001
52.52,1.826,2447,455.2,0.5272,0.0001
52.52,1.949,2447,455.2,0.5272,0.0001
52.52,2.072,2447,455.2,0.5272,0.0001
52.52,2.194,2447,455.2,0.5272,0.0001
52.52,2.317,2447,455.2,0.5272,0.0001
52.52,2.44,2447,455.2,0.5272,0.0001
52.52,2.562,2447,455.2,0.5272,0.0001
52.52,2.685,2447,455.2,0.5272,0.0001
52.52,2.808,2447,455.2,0.5272,0.0001
52.52,2.931,2447,455.2,0.5272,0.0001
52.52,3.053,2447,455.2,0.5272,0.0001
52.52,3.176,2447,455.2,0.5272,0.0001
52.52,3.299,2447,455.2,0.5272,0.0001
52.52,3.421,2447,455.2,0.5272,0.0001
52.52,3.544,2447,455.2,0.5272,0.0001
52.52,3.667,2447,455.2,0.5272,0.0001
52.52,3.789,2447,455.2,0.5272,0.0001
52.52,3.912,2447,455.2,0.5272,0.0001
52.52,4.035,2447,455.2,0.5272,0.0001
52.52,4.157,2447,455.2,0.5272,0.0001
52.52,4.28,2447,455.2,0.5272,0.0001
52.52,4.403,2447,455.2,0.5272,0.0001
52.52,4.525,2447,455.2,0.5272,0.0001
52.52,4.648,2447,455.2,0.5272,0.0001
52.52,4.771,2447,455.2,0.5272,0.0001
52.52,4.893,2447,455.2,0.5272,0.0001
52.52,5.016,2447,455.2,0.5272,0.0001
52.52,5.139,2447,455.2,0.5272,0.0001
52.52,5.261,2447,455.2,0.5272,0.0001
52.52,5.384,2447,455.2,0.5272,0.0001
52.52,5.507,2447,455.2,0.5272,0.0001
52.52,5.629,2447,455.2,0.5272,0.0001
52.52,5.752,2447,455.2,0.5272,0.0001
52.52,5.875,2447,455.2,0.5272,0.0001
52.52,5.997,2447,455.2,0.5272,0.0001
55.35,-0.01378,2448,455.1,0.5272,0.0001
55.35,0.1089,2448,455.1,0.5272,0.0001
55.35,0.2316,2448,455.1,0.5272,0.0001
55.35,0.3543,2448,455.1,0.5272,0.0001
55.35,0.4769,2448,455.1,0.5272,0.0001
55.35,0.5996,2448,455.1,0.5272,0.0001
55.35,0.7223,2448,455.1,0.5272,0.0001
55.35,0.845,2448,455.1,0.5272,0.0001
55.35,0.9677,2448,455.1,0.5272,0.0001
55.35,1.09,2448,455.1,0.5272,0.0001
55.35,1.213,2448,455.1,0.5272,0.0001
55.35,1.336,2448,455.1,0.5272,0.0001
55.35,1.458,2448,455.1,0.5272,0.0001
55.35,1.581,2448,455.1,0.5272,0.0001
55.35,1.704,2448,455.1,0.5272,0.0001
55.35,1.826,2448,455.1,0.5272,0.0001
55.35,1.949,2448,455.1,0.5272,0.0001
55.35,2.072,2448,455.1,0.5272,0.0001
55.35,2.194,2448,455.1,0.5272,0.0001
55.35,2.317,2448,455.1,0.5272,0.0001
55.35,2.44,2448,455.1,0.5272,0.0001
55.35,2.562,2448,455.1,0.5272,0.0001
55.35,2.685,2448,455.1,0.5272,0.0001
55.35,2.808,2448,455.1,0.5272,0.0001
55.35,2.931,2448,455.1,0.5272,0.0001
55.35,3.053,2448,455.1,0.5272,0.0001
55.35,3.176,2448,455.1,0.5272,0.0001
55.35,3.299,2448,455.1,0.5272,0.0001
55.35,3.421,2448,455.1,0.5272,0.0001
55.35,3.544,2448,455.1,0.5272,0.0001
55.35,3.667,2448,455.1,0.5272,0.0001
55.35,3.789,2448,455.1,0.5272,0.0001
55.35,3.912,2448,455.1,0.5272,0.0001
55.35,4.035,2448,455.1,0.5272,0.0001
55.35,4.157,2448,455.1,0.5272,0.0001
55.35,4.28,2448,455.1,0.5272,0.0001
55.35,4.403,2448,455.1,0.5272,0.0001
55.35,4.525,2448,455.1,0.5272,0.0001
55.35,4.648,2448,455.1,0.5272,0.0001
55.35,4.771,2448,455.1,0.5272,0.0001
55.35,4.893,2448,455.1,0.5272,0.0001
55.35,5.016,2448,455.1,0.5272,0.0001
55.35,5.139,2448,455.1,0.5272,0.0001
55.35,5.261,2448,455.1,0.5272,0.0001
55.35,5.384,2448,455.1,0.5272,0.0001
55.35,5.507,2448,455.1,0.5272,0.0001
55.35,5.629,2448,455.1,0.5272,0.0001
55.35,5.752,2448,455.1,0.5272,0.0001
55.35,5.875,2448,455.1,0.5272,0.0001
55.35,5.997,2448,455.1,0.5272,0.0001
58.19,-0.01378,2448,455.1,0.5272,0.0001
58.19,0.1089,2448,455.1,0.5272,0.0001
58.19,0.2316,2448,455.1,0.5272,0.0001
58.19,0.3543,2448,455.1,0.5272,0.0001
58.19,0.4769,2448,455.1,0.5272,0.0001
58.19,0.5996,2448,455.1,0.5272,0.0001
58.19,0.7223,2448,455.1,0.5272,0.0001
58.19,0.845,2448,455.1,0.5272,0.0001
58.19,0.9677,2448,455.1,0.5272,0.0001
58.19,1.09,2448,455.1,0.5272,0.0001
58.19,1.213,2448,455.1,0.5272,0.0001
58.19,1.336,2448,455.1,0.5272,0.0001
58.19,1.458,2448,455.1,0.5272,0.0001
58.19,1.581,2448,455.1,0.5272,0.0001
58.19,1.704,2448,455.1,0.5272,0.0001
58.19,1.826,2448,455.1,0.5272,0.0001
58.19,1.949,2448,455.1,0.5272,0.0001
58.19,2.072,2448,455.1,0.5272,0.0001
58.19,2.194,2448,455.1,0.5272,0.0001
58.19,2.317,2448,455.1,0.5272,0.0001
58.19,2.44,2448,455.1,0.5272,0.0001
58.19,2.562,2448,455.1,0.5272,0.0001
58.19,2.685,2448,455.1,0.5272,0.0001
58.19,2.808,2448,455.1,0.5272,0.0001
58.19,2.931,2448,455.1,0.5272,0.0001
58.19,3.053,2448,455.1,0.5272,0.0001
58.19,3.176,2448,455.1,0.5272,0.0001
58.19,3.299,2448,455.1,0.5272,0.0001
58.19,3.421,2448,455.1,0.5272,0.0001
58.19,3.544,2448,455.1,0.5272,0.0001
58.19,3.667,2448,455.1,0.5272,0.0001
58.19,3.789,2448,455.1,0.5272,0.0001
58.19,3.912,2448,455.1,0.5272,0.0001
58.19,4.035,2448,455.1,0.5272,0.0001
58.19,4.157,2448,455.1,0.5272,0.0001
58.19,4.28,2448,455.1,0.5272,0.0001
58.19,4.403,2448,455.1,0.5272,0.0001
58.19,4.525,2448,455.1,0.5272,0.0001
58.19,4.648,2448,455.1,0.5272,0.0001
58.19,4.771,2448,455.1,0.5272,0.0001
58.19,4.893,2448,455.1,0.5272,0.0001
58.19,5.016,2448,455.1,0.5272,0.0001
58.19,5.139,2448,455.1,0.5272,0.0001
58.19,5.261,2448,455.1,0.5272,0.0001
58.19,5.384,2448,455.1,0.5272,0.0001
58.19,5.507,2448,455.1,0.5272,0.0001
58.19,5.629,2448,455.1,0.5272,0.0001
58.19,5.752,2448,455.1,0.5272,0.0001
58.19,5.875,2448,455.1,0.5272,0.0001
58.19,5.997,2448,455.1,0.5272,0.0001
61.02,-0.01378,2448,455,0.5272,0.0001
61.02,0.1089,2448,455,0.5272,0.0001
61.02,0.2316,2448,455,0.5272,0.0001
61.02,0.3543,2448,455,0.5272,0.0001
61.02,0.4769,2448,455,0.5272,0.0001
61.02,0.5996,2448,455,0.5272,0.0001
61.02,0.7223,2448,455,0.5272,0.0001
61.02,0.845,2448,455,0.5272,0.0001
61.02,0.9677,2448,455,0.5272,0.0001
61.02,1.09,2448,455,0.5272,0.0001
61.02,1.213,2448,455,0.5272,0.0001
61.02,1.336,2448,455,0.5272,0.0001
61.02,1.458,2448,455,0.5272,0.0001
61.02,1.581,2448,455,0.5272,0.0001
61.02,1.704,2448,455,0.5272,0.0001
61.02,1.826,2448,455,0.5272,0.0001
61.02,1.949,2448,455,0.5272,0.0001
61.02,2.072,2448,455,0.5272,0.0001
61.02,2.194,2448,455,0.5272,0.0001
61.02,2.317,2448,455,0.5272,0.0001
61.02,2.44,2448,455,0.5272,0.0001
61.02,2.562,2448,455,0.5272,0.0001
61.02,2.685,2448,455,0.5272,0.0001
61.02,2.808,2448,455,0.5272,0.0001
61.02,2.931,2448,455,0.5272,0.0001
61.02,3.053,2448,455,0.5272,0.0001
61.02,3.176,2448,455,0.5272,0.0001
61.02,3.299,2448,455,0.5272,0.0001
61.02,3.421,2448,455,0.5272,0.0001
61.02,3.544,2448,455,0.5272,0.0001
61.02,3.667,2448,455,0.5272,0.0001
61.02,3.789,2448,455,0.5272,0.0001
61.02,3.912,2448,455,0.5272,0.0001
61.02,4.035,2448,455,0.5272,0.0001
61.02,4.157,2448,455,0.5272,0.0001
61.02,4.28,2448,455,0.5272,0.0001
61.02,4.403,2448,455,0.5272,0.0001
61.02,4.525,2448,455,0.5272,0.0001
61.02,4.648,2448,455,0.5272,0.0001
61.02,4.771,2448,455,0.5272,0.0001
61.02,4.893,2448,455,0.5272,0.0001
61.02,5.016,2448,455,0.5272,0.0001
61.02,5.139,2448,455,0.5272,0.0001
61.02,5.261,2448,455,0.5272,0.0001
61.02,5.384,2448,455,0.5272,0.0001
61.02,5.507,2448,455,0.5272,0.0001
61.02,5.629,2448,455,0.5272,0.0001
61.02,5.752,2448,455,0.5272,0.0001
61.02,5.875,2448,455,0.5272,0.0001
61.02,5.997,2448,455,0.5272,0.0001
63.85,-0.01378,2448,454.9,0.5273,0.0001
63.85,0.1089,2448,454.9,0.5273,0.0001
63.85,0.2316,2448,454.9,0.5273,0.0001
63.85,0.3543,2448,454.9,0.5273,0.0001
63.85,0.4769,2448,454.9,0.5273,0.0001
63.85,0.5996,2448,454.9,0.5273,0.0001
63.85,0.7223,2448,454.9,0.5273,0.0001
63.85,0.845,2448,454.9,0.5273,0.0001
63.85,0.9677,2448,454.9,0.5273,0.0001
63.85,1.09,2448,454.9,0.5273,0.0001
63.85,1.213,2448,454.9,0.5273,0.0001
63.85,1.336,2448,454.9,0.5273,0.0001
63.85,1.458,2448,454.9,0.5273,0.0001
63.85,1.581,2448,454.9,0.5273,0.0001
63.85,1.704,2448,454.9,0.5273,0.0001
63.85,1.826,2448,454.9,0.5273,0.0001
63.85,1.949,2448,454.9,0.5273,0.0001
63.85,2.072,2448,454.9,0.5273,0.0001
63.85,2.194,2448,454.9,0.5273,0.0001
63.85,2.317,2448,454.9,0.5273,0.0001
63.85,2.44,2448,454.9,0.5273,0.0001
63.85,2.562,2448,454.9,0.5273,0.0001
63.85,2.685,2448,454.9,0.5273,0.0001
63.85,2.808,2448,454.9,0.5273,0.0001
63.85,2.931,2448,454.9,0.5273,0.0001
63.85,3.053,2448,454.9,0.5273,0.0001
63.85,3.176,2448,454.9,0.5273,0.0001
63.85,3.299,2448,454.9,0.5273,0.0001
63.85,3.421,2448,454.9,0.5273,0.0001
63.85,3.544,2448,454.9,0.5273,0.0001
63.85,3.667,2448,454.9,0.5273,0.0001
63.85,3.789,2448,454.9,0.5273,0.0001
63.85,3.912,2448,454.9,0.5273,0.0001
63.85,4.035,2448,454.9,0.5273,0.0001
63.85,4.157,2448,454.9,0.5273,0.0001
63.85,4.28,2448,454.9,0.5273,0.0001
63.85,4.403,2448,454.9,0.5273,0.0001
63.85,4.525,2448,454.9,0.5273,0.0001
63.85,4.648,2448,454.9,0.5273,0.0001
63.85,4.771,2448,454.9,0.5273,0.0001
63.85,4.893,2448,454.9,0.5273,0.0001
63.85,5.016,2448,454.9,0.5273,0.0001
63.85,5.139,2448,454.9,0.5273,0.0001
63.85,5.261,2448,454.9,0.5273,0.0001
63.85,5.384,2448,454.9,0.5273,0.0001
63.85,5.507,2448,454.9,0.5273,0.0001
63.85,5.629,2448,454.9,0.5273,0.0001
63.85,5.752,2448,454.9,0.5273,0.0001
63.85,5.875,2448,454.9,0.5273,0.0001
63.85,5.997,2448,454.9,0.5273,0.0001
66.69,-0.01378,2448,454.9,0.5273,0.0001
66.69,0.1089,2448,454.9,0.5273,0.0001
66.69,0.2316,2448,454.9,0.5273,0.0001
66.69,0.3543,2448,454.9,0.5273,0.0001
66.69,0.4769,2448,454.9,0.5273,0.0001
66.69,0.5996,2448,454.9,0.5273,0.0001
66.69,0.7223,2448,454.9,0.5273,0.0001
66.69,0.845,2448,454.9,0.5273,0.0001
66.69,0.9677,2448,454.9,0.5273,0.0001
66.69,1.09,2448,454.9,0.5273,0.0001
66.69,1.213,2448,454.9,0.5273,0.0001
66.69,1.336,2448,454.9,0.5273,0.0001
66.69,1.458,2448,454.9,0.5273,0.0001
66.69,1.581,2448,454.9,0.5273,0.0001
66.69,1.704,2448,454.9,0.5273,0.0001
66.69,1.826,2448,454.9,0.5273,0.0001
66.69,1.949,2448,454.9,0.5273,0.0001
66.69,2.072,2448,454.9,0.5273,0.0001
66.69,2.194,2448,454.9,0.5273,0.0001
66.69,2.317,2448,454.9,0.5273,0.0001
66.69,2.44,2448,454.9,0.5273,0.0001
66.69,2.562,2448,454.9,0.5273,0.0001
66.69,2.685,2448,454.9,0.5273,0.0001
66.69,2.808,2448,454.9,0.5273,0.0001
66.69,2.931,2448,454.9,0.5273,0.0001
66.69,3.053,2448,454.9,0.5273,0.0001
66.69,3.176,2448,454.9,0.5273,0.0001
66.69,3.299,2448,454.9,0.5273,0.0001
66.69,3.421,2448,454.9,0.5273,0.0001
66.69,3.544,2448,454.9,0.5273,0.0001
66.69,3.667,2448,454.9,0.5273,0.0001
66.69,3.789,2448,454.9,0.5273,0.0001
66.69,3.912,2448,454.9,0.5273,0.0001
66.69,4.035,2448,454.9,0.5273,0.0001
66.69,4.157,2448,454.9,0.5273,0.0001
66.69,4.28,2448,454.9,0.5273,0.0001
66.69,4.403,2448,454.9,0.5273,0.0001
66.69,4.525,2448,454.9,0.5273,0.0001
66.69,4.648,2448,454.9,0.5273,0.0001
66.69,4.771,2448,454.9,0.5273,0.0001
66.69,4.893,2448,454.9,0.5273,0.0001
66.69,5.016,2448,454.9,0.5273,0.0001
66.69,5.139,2448,454.9,0.5273,0.0001
66.69,5.261,2448,454.9,0.5273,0.0001
66.69,5.384,2448,454.9,0.5273,0.0001
66.69,5.507,2448,454.9,0.5273,0.0001
66.69,5.629,2448,454.9,0.5273,0.0001
66.69,5.752,2448,454.9,0.5273,0.0001
66.69,5.875,2448,454.9,0.5273,0.0001
66.69,5.997,2448,454.9,0.5273,0.0001
69.52,-0.01378,2448,454.8,0.5273,0.0001
69.52,0.1089,2448,454.8,0.5273,0.0001
69.52,0.2316,2448,454.8,0.5273,0.0001
69.52,0.3543,2448,454.8,0.5273,0.0001
69.52,0.4769,2448,454.8,0.5273,0.0001
69.52,0.5996,2448,454.8,0.5273,0.0001
69.52,0.7223,2448,454.8,0.5273,0.0001
69.52,0.845,2448,454.8,0.5273,0.0001
69.52,0.9677,2448,454.8,0.5273,0.0001
69.52,1.09,2448,454.8,0.5273,0.0001
69.52,1.213,2448,454.8,0.5273,0.0001
69.52,1.336,2448,454.8,0.5273,0.0001
69.52,1.458,2448,454.8,0.5273,0.0001
69.52,1.581,2448,454.8,0.5273,0.0001
69.52,1.704,2448,454.8,0.5273,0.0001
69.52,1.826,2448,454.8,0.5273,0.0001
69.52,1.949,2448,454.8,0.5273,0.0001
69.52,2.072,2448,454.8,0.5273,0.0001
69.52,2.194,2448,454.8,0.5273,0.0001
69.52,2.317,2448,454.8,0.5273,0.0001
69.52,2.44,2448,454.8,0.5273,0.0001
69.52,2.562,2448,454.8,0.5273,0.0001
69.52,2.685,2448,454.8,0.5273,0.0001
69.52,2.808,2448,454.8,0.5273,0.0001
69.52,2.931,2448,454.8,0.5273,0.0001
69.52,3.053,2448,454.8,0.5273,0.0001
69.52,3.176,2448,454.8,0.5273,0.0001
69.52,3.299,2448,454.8,0.5273,0.0001
69.52,3.421,2448,454.8,0.5273,0.0001
69.52,3.544,2448,454.8,0.5273,0.0001
69.52,3.667,2448,454.8,0.5273,0.0001
69.52,3.789,2448,454.8,0.5273,0.0001
69.52,3.912,2448,454.8,0.5273,0.0001
69.52,4.035,2448,454.8,0.5273,0.0001
69.52,4.157,2448,454.8,0.5273,0.0001
69.52,4.28,2448,454.8,0.5273,0.0001
69.52,4.403,2448,454.8,0.5273,0.0001
69.52,4.525,2448,454.8,0.5273,0.0001
69.52,4.648,2448,454.8,0.5273,0.0001
69.52,4.771,2448,454.8,0.5273,0.0001
69.52,4.893,2448,454.8,0.5273,0.0001
69.52,5.016,2448,454.8,0.5273,0.0001
69.52,5.139,2448,454.8,0.5273,0.0001
69.52,5.261,2448,454.8,0.5273,0.0001
69.52,5.384,2448,454.8,0.5273,0.0001
69.52,5.507,2448,454.8,0.5273,0.0001
69.52,5.629,2448,454.8,0.5273,0.0001
69.52,5.752,2448,454.8,0.5273,0.0001
69.52,5.875,2448,454.8,0.5273,0.0001
69.52,5.997,2448,454.8,0.5273,0.0001
72.36,-0.01378,2448,454.7,0.5273,0.0001
72.36,0.1089,2448,454.7,0.5273,0.0001
72.36,0.2316,2448,454.7,0.5273,0.0001
72.36,0.3543,2448,454.7,0.5273,0.0001
72.36,0.4769,2448,454.7,0.5273,0.0001
72.36,0.5996,2448,454.7,0.5273,0.0001
72.36,0.7223,2448,454.7,0.5273,0.0001
72.36,0.845,2448,454.7,0.5273,0.0001
72.36,0.9677,2448,454.7,0.5273,0.0001
72.36,1.09,2448,454.7,0.5273,0.0001
72.36,1.213,2448,454.7,0.5273,0.0001
72.36,1.336,2448,454.7,0.5273,0.0001
72.36,1.458,2448,454.7,0.5273,0.0001
72.36,1.581,2448,454.7,0.5273,0.0001
72.36,1.704,2448,454.7,0.5273,0.0001
72.36,1.826,2448,454.7,0.5273,0.0001
72.36,1.949,2448,454.7,0.5273,0.0001
72.36,2.072,2448,454.7,0.5273,0.0001
72.36,2.194,2448,454.7,0.5273,0.0001
72.36,2.317,2448,454.7,0.5273,0.0001
72.36,2.44,2448,454.7,0.5273,0.0001
72.36,2.562,2448,454.7,0.5273,0.0001
72.36,2.685,2448,454.7,0.5273,0.0001
72.36,2.808,2448,454.7,0.5273,0.0001
72.36,2.931,2448,454.7,0.5273,0.0001
72.36,3.053,2448,454.7,0.5273,0.0001
72.36,3.176,2448,454.7,0.5273,0.0001
72.36,3.299,2448,454.7,0.5273,0.0001
72.36,3.421,2448,454.7,0.5273,0.0001
72.36,3.544,2448,454.7,0.5273,0.0001
72.36,3.667,2448,454.7,0.5273,0.0001
72.36,3.789,2448,454.7,0.5273,0.0001
72.36,3.912,2448,454.7,0.5273,0.0001
72.36,4.035,2448,454.7,0.5273,0.0001
72.36,4.157,2448,454.7,0.5273,0.0001
72.36,4.28,2448,454.7,0.5273,0.0001
72.36,4.403,2448,454.7,0.5273,0.0001
72.36,4.525,2448,454.7,0.5273,0.0001
72.36,4.648,2448,454.7,0.5273,0.0001
72.36,4.771,2448,454.7,0.5273,0.0001
72.36,4.893,2448,454.7,0.5273,0.0001
72.36,5.016,2448,454.7,0.5273,0.0001
72.36,5.139,2448,454.7,0.5273,0.0001
72.36,5.261,2448,454.7,0.5273,0.0001
72.36,5.384,2448,454.7,0.5273,0.0001
72.36,5.507,2448,454.7,0.5273,0.0001
72.36,5.629,2448,454.7,0.5273,0.0001
72.36,5.752,2448,454.7,0.5273,0.0001
72.36,5.875,2448,454.7,0.5273,0.0001
72.36,5.997,2448,454.7,0.5273,0.0001
75.19,-0.01378,2448,454.6,0.5274,0.0001
75.19,0.1089,2448,454.6,0.5274,0.0001
75.19,0.2316,2448,454.6,0.5274,0.0001
75.19,0.3543,2448,454.6,0.5274,0.0001
75.19,0.4769,2448,454.6,0.5274,0.0001
75.19,0.5996,2448,454.6,0.5274,0.0001
75.19,0.7223,2448,454.6,0.5274,0.0001
75.19,0.845,2448,454.6,0.5274,0.0001
75.19,0.9677,2448,454.6,0.5274,0.0001
75.19,1.09,2448,454.6,0.5274,0.0001
75.19,1.213,2448,454.6,0.5274,0.0001
75.19,1.336,2448,454.6,0.5274,0.0001
75.19,1.458,2448,454.6,0.5274,0.0001
75.19,1.581,2448,454.6,0.5274,0.0001
75.19,1.704,2448,454.6,0.5274,0.0001
75.19,1.826,2448,454.6,0.5274,0.0001
75.19,1.949,2448,454.6,0.5274,0.0001
75.19,2.072,2448,454.6,0.5274,0.0001
75.19,2.194,2448,454.6,0.5274,0.0001
75.19,2.317,2448,454.6,0.5274,0.0001
75.19,2.44,2448,454.6,0.5274,0.0001
75.19,2.562,2448,454.6,0.5274,0.0001
75.19,2.685,2448,454.6,0.5274,0.0001
75.19,2.808,2448,454.6,0.5274,0.0001
75.19,2.931,2448,454.6,0.5274,0.0001
75.19,3.053,2448,454.6,0.5274,0.0001
75.19,3.176,2448,454.6,0.5274,0.0001
75.19,3.299,2448,454.6,0.5274,0.0001
75.19,3.421,2448,454.6,0.5274,0.0001
75.19,3.544,2448,454.6,0.5274,0.0001
75.19,3.667,2448,454.6,0.5274,0.0001
75.19,3.789,2448,454.6,0.5274,0.0001
75.19,3.912,2448,454.6,0.5274,0.0001
75.19,4.035,2448,454.6,0.5274,0.0001
75.19,4.157,2448,454.6,0.5274,0.0001
75.19,4.28,2448,454.6,0.5274,0.0001
75.19,4.403,2448,454.6,0.5274,0.0001
75.19,4.525,2448,454.6,0.5274,0.0001
75.19,4.648,2448,454.6,0.5274,0.0001
75.19,4.771,2448,454.6,0.5274,0.0001
75.19,4.893,2448,454.6,0.5274,0.0001
75.19,5.016,2448,454.6,0.5274,0.0001
75.19,5.139,2448,454.6,0.5274,0.0001
75.19,5.261,2448,454.6,0.5274,0.0001
75.19,5.384,2448,454.6,0.5274,0.0001
75.19,5.507,2448,454.6,0.5274,0.0001
75.19,5.629,2448,454.6,0.5274,0.0001
75.19,5.752,2448,454.6,0.5274,0.0001
75.19,5.875,2448,454.6,0.5274,0.0001
75.19,5.997,2448,454.6,0.5274,0.0001
78.03,-0.01378,2448,454.5,0.5274,0.0002
78.03,0.1089,2448,454.5,0.5274,0.0002
78.03,0.2316,2448,454.5,0.5274,0.0002
78.03,0.3543,2448,454.5,0.5274,0.0002
78.03,0.4769,2448,454.5,0.5274,0.0002
78.03,0.5996,2448,454.5,0.5274,0.0002
78.03,0.7223,2448,454.5,0.5274,0.0002
78.03,0.845,2448,454.5,0.5274,0.0002
78.03,0.9677,2448,454.5,0.5274,0.0002
78.03,1.09,2448,454.5,0.5274,0.0002
78.03,1.213,2448,454.5,0.5274,0.0002
78.03,1.336,2448,454.5,0.5274,0.0002
78.03,1.458,2448,454.5,0.5274,0.0002
78.03,1.581,2448,454.5,0.5274,0.0002
78.03,1.704,2448,454.5,0.5274,0.0002
78.03,1.826,2448,454.5,0.5274,0.0002
78.03,1.949,2448,454.5,0.5274,0.0002
78.03,2.072,2448,454.5,0.5274,0.0002
78.03,2.194,2448,454.5,0.5274,0.0002
78.03,2.317,2448,454.5,0.5274,0.0002
78.03,2.44,2448,454.5,0.5274,0.0002
78.03,2.562,2448,454.5,0.5274,0.0002
78.03,2.685,2448,454.5,0.5274,0.0002
78.03,2.808,2448,454.5,0.5274,0.0002
78.03,2.931,2448,454.5,0.5274,0.0002
78.03,3.053,2448,454.5,0.5274,0.0002
78.03,3.176,2448,454.5,0.5274,0.0002
78.03,3.299,2448,454.5,0.5274,0.0002
78.03,3.421,2448,454.5,0.5274,0.0002
78.03,3.544,2448,454.5,0.5274,0.0002
78.03,3.667,2448,454.5,0.5274,0.0002
78.03,3.789,2448,454.5,0.5274,0.0002
78.03,3.912,2448,454.5,0.5274,0.0002
78.03,4.035,2448,454.5,0.5274,0.0002
78.03,4.157,2448,454.5,0.5274,0.0002
78.03,4.28,2448,454.5,0.5274,0.0002
78.03,4.403,2448,454.5,0.5274,0.0002
78.03,4.525,2448,454.5,0.5274,0.0002
78.03,4.648,2448,454.5,0.5274,0.0002
78.03,4.771,2448,454.5,0.5274,0.0002
78.03,4.893,2448,454.5,0.5274,0.0002
78.03,5.016,2448,454.5,0.5274,0.0002
78.03,5.139,2448,454.5,0.5274,0.0002
78.03,5.261,2448,454.5,0.5274,0.0002
78.03,5.384,2448,454.5,0.5274,0.0002
78.03,5.507,2448,454.5,0.5274,0.0002
78.03,5.629,2448,454.5,0.5274,0.0002
78.03,5.752,2448,454.5,0.5274,0.0002
78.03,5.875,2448,454.5,0.5274,0.0002
78.03,5.997,2448,454.5,0.5274,0.0002
80.86,-0.01378,2448,454.4,0.5274,0.0002
80.86,0.1089,2448,454.4,0.5274,0.0002
80.86,0.2316,2448,454.4,0.5274,0.0002
80.86,0.3543,2448,454.4,0.5274,0.0002
80.86,0.4769,2448,454.4,0.5274,0.0002
80.86,0.5996,2448,454.4,0.5274,0.0002
80.86,0.7223,2448,454.4,0.5274,0.0002
80.86,0.845,2448,454.4,0.5274,0.0002
80.86,0.9677,2448,454.4,0.5274,0.0002
80.86,1.09,2448,454.4,0.5274,0.0002
80.86,1.213,2448,454.4,0.5274,0.0002
80.86,1.336,2448,454.4,0.5274,0.0002
80.86,1.458,2448,454.4,0.5274,0.0002
80.86,1.581,2448,454.4,0.5274,0.0002
80.86,1.704,2448,454.4,0.5274,0.0002
80.86,1.826,2448,454.4,0.5274,0.0002
80.86,1.949,2448,454.4,0.5274,0.0002
80.86,2.072,2448,454.4,0.5274,0.0002
80.86,2.194,2448,454.4,0.5274,0.0002
80.86,2.317,2448,454.4,0.5274,0.0002
80.86,2.44,2448,454.4,0.5274,0.0002
80.86,2.562,2448,454.4,0.5274,0.0002
80.86,2.685,2448,454.4,0.5274,0.0002
80.86,2.808,2448,454.4,0.5274,0.0002
80.86,2.931,2448,454.4,0.5274,0.0002
80.86,3.053,2448,454.4,0.5274,0.0002
80.86,3.176,2448,454.4,0.5274,0.0002
80.86,3.299,2448,454.4,0.5274,0.0002
80.86,3.421,2448,454.4,0.5274,0.0002
80.86,3.544,2448,454.4,0.5274,0.0002
80.86,3.667,2448,454.4,0.5274,0.0002
80.86,3.789,2448,454.4,0.5274,0.0002
80.86,3.912,2448,454.4,0.5274,0.0002
80.86,4.035,2448,454.4,0.5274,0.0002
80.86,4.157,2448,454.4,0.5274,0.0002
80.86,4.28,2448,454.4,0.5274,0.0002
80.86,4.403,2448,454.4,0.5274,0.0002
80.86,4.525,2448,454.4,0.5274,0.0002
80.86,4.648,2448,454.4,0.5274,0.0002
80.86,4.771,2448,454.4,0.5274,0.0002
80.86,4.893,2448,454.4,0.5274,0.0002
80.86,5.016,2448,454.4,0.5274,0.0002
80.86,5.139,2448,454.4,0.5274,0.0002
80.86,5.261,2448,454.4,0.5274,0.0002
80.86,5.384,2448,454.4,0.5274,0.0002
80.86,5.507,2448,454.4,0.5274,0.0002
80.86,5.629,2448,454.4,0.5274,0.0002
80.86,5.752,2448,454.4,0.5274,0.0002
80.86,5.875,2448,454.4,0.5274,0.0002
80.86,5.997,2448,454.4,0.5274,0.0002
83.7,-0.01378,2448,454.3,0.5275,0.0002
83.7,0.1089,2448,454.3,0.5275,0.0002
83.7,0.2316,2448,454.3,0.5275,0.0002
83.7,0.3543,2448,454.3,0.5275,0.0002
83.7,0.4769,2448,454.3,0.5275,0.0002
83.7,0.5996,2448,454.3,0.5275,0.0002
83.7,0.7223,2448,454.3,0.5275,0.0002
83.7,0.845,2448,454.3,0.5275,0.0002
83.7,0.9677,2448,454.3,0.5275,0.0002
83.7,1.09,2448,454.3,0.5275,0.0002
83.7,1.213,2448,454.3,0.5275,0.0002
83.7,1.336,2448,454.3,0.5275,0.0002
83.7,1.458,2448,454.3,0.5275,0.0002
83.7,1.581,2448,454.3,0.5275,0.0002
83.7,1.704,2448,454.3,0.5275,0.0002
83.7,1.826,2448,454.3,0.5275,0.0002
83.7,1.949,2448,454.3,0.5275,0.0002
83.7,2.072,2448,454.3,0.5275,0.0002
83.7,2.194,2448,454.3,0.5275,0.0002
83.7,2.317,2448,454.3,0.5275,0.0002
83.7,2.44,2448,454.3,0.5275,0.0002
83.7,2.562,2448,454.3,0.5275,0.0002
83.7,2.685,2448,454.3,0.5275,0.0002
83.7,2.808,2448,454.3,0.5275,0.0002
83.7,2.931,2448,454.3,0.5275,0.0002
83.7,3.053,2448,454.3,0.5275,0.0002
83.7,3.176,2448,454.3,0.5275,0.0002
83.7,3.299,2448,454.3,0.5275,0.0002
83.7,3.421,2448,454.3,0.5275,0.0002
83.7,3.544,2448,454.3,0.5275,0.0002
83.7,3.667,2448,454.3,0.5275,0.0002
83.7,3.789,2448,454.3,0.5275,0.0002
83.7,3.912,2448,454.3,0.5275,0.0002
83.7,4.035,2448,454.3,0.5275,0.0002
83.7,4.157,2448,454.3,0.5275,0.0002
83.7,4.28,2448,454.3,0.5275,0.0002
83.7,4.403,2448,454.3,0.5275,0.0002
83.7,4.525,2448,454.3,0.5275,0.0002
83.7,4.648,2448,454.3,0.5275,0.0002
83.7,4.771,2448,454.3,0.5275,0.0002
83.7,4.893,2448,454.3,0.5275,0.0002
83.7,5.016,2448,454.3,0.5275,0.0002
83.7,5.139,2448,454.3,0.5275,0.0002
83.7,5.261,2448,454.3,0.5275,0.0002
83.7,5.384,2448,454.3,0.5275,0.0002
83.7,5.507,2448,454.3,0.5275,0.0002
83.7,5.629,2448,454.3,0.5275,0.0002
83.7,5.752,2448,454.3,0.5275,0.0002
83.7,5.875,2448,454.3,0.5275,0.0002
83.7,5.997,2448,454.3,0.5275,0.0002
86.53,-0.01378,2448,454.2,0.5275,0.0002
86.53,0.1089,2448,454.2,0.5275,0.0002
86.53,0.2316,2448,454.2,0.5275,0.0002
86.53,0.3543,2448,454.2,0.5275,0.0002
86.53,0.4769,2448,454.2,0.5275,0.0002
86.53,0.5996,2448,454.2,0.5275,0.0002
86.53,0.7223,2448,454.2,0.5275,0.0002
86.53,0.845,2448,454.2,0.5275,0.0002
86.53,0.9677,2448,454.2,0.5275,0.0002
86.53,1.09,2448,454.2,0.5275,0.0002
86.53,1.213,2448,454.2,0.5275,0.0002
86.53,1.336,2448,454.2,0.5275,0.0002
86.53,1.458,2448,454.2,0.5275,0.0002
86.53,1.581,2448,454.2,0.5275,0.0002
86.53,1.704,2448,454.2,0.5275,0.0002
86.53,1.826,2448,454.2,0.5275,0.0002
86.53,1.949,2448,454.2,0.5275,0.0002
86.53,2.072,2448,454.2,0.5275,0.0002
86.53,2.194,2448,454.2,0.5275,0.0002
86.53,2.317,2448,454.2,0.5275,0.0002
86.53,2.44,2448,454.2,0.5275,0.0002
86.53,2.562,2448,454.2,0.5275,0.0002
86.53,2.685,2448,454.2,0.5275,0.0002
86.53,2.808,2448,454.2,0.5275,0.0002
86.53,2.931,2448,454.2,0.5275,0.0002
86.53,3.053,2448,454.2,0.5275,0.0002
86.53,3.176,2448,454.2,0.5275,0.0002
86.53,3.299,2448,454.2,0.5275,0.0002
86.53,3.421,2448,454.2,0.5275,0.0002
86.53,3.544,2448,454.2,0.5275,0.0002
86.53,3.667,2448,454.2,0.5275,0.0002
86.53,3.789,2448,454.2,0.5275,0.0002
86.53,3.912,2448,454.2,0.5275,0.0002
86.53,4.035,2448,454.2,0.5275,0.0002
86.53,4.157,2448,454.2,0.5275,0.0002
86.53,4.28,2448,454.2,0.5275,0.0002
86.53,4.403,2448,454.2,0.5275,0.0002
86.53,4.525,2448,454.2,0.5275,0.0002
86.53,4.648,2448,454.2,0.5275,0.0002
86.53,4.771,2448,454.2,0.5275,0.0002
86.53,4.893,2448,454.2,0.5275,0.0002
86.53,5.016,2448,454.2,0.5275,0.0002
86.53,5.139,2448,454.2,0.5275,0.0002
86.53,5.261,2448,454.2,0.5275,0.0002
86.53,5.384,2448,454.2,0.5275,0.0002
86.53,5.507,2448,454.2,0.5275,0.0002
86.53,5.629,2448,454.2,0.5275,0.0002
86.53,5.752,2448,454.2,0.5275,0.0002
86.53,5.875,2448,454.2,0.5275,0.0002
86.53,5.997,2448,454.2,0.5275,0.0002
89.37,-0.01378,2449,454,0.5276,0.0002
89.37,0.1089,2449,454,0.5276,0.0002
89.37,0.2316,2449,454,0.5276,0.0002
89.37,0.3543,2449,454,0.5276,0.0002
89.37,0.4769,2449,454,0.5276,0.0002
89.37,0.5996,2449,454,0.5276,0.0002
89.37,0.7223,2449,454,0.5276,0.0002
89.37,0.845,2449,454,0.5276,0.0002
89.37,0.9677,2449,454,0.5276,0.0002
89.37,1.09,2449,454,0.5276,0.0002
89.37,1.213,2449,454,0.5276,0.0002
89.37,1.336,2449,454,0.5276,0.0002
89.37,1.458,2449,454,0.5276,0.0002
89.37,1.581,2449,454,0.5276,0.0002
89.37,1.704,2449,454,0.5276,0.0002
89.37,1.826,2449,454,0.5276,0.0002
89.37,1.949,2449,454,0.5276,0.0002
89.37,2.072,2449,454,0.5276,0.0002
89.37,2.194,2449,454,0.5276,0.0002
89.37,2.317,2449,454,0.5276,0.0002
89.37,2.44,2449,454,0.5276,0.0002
89.37,2.562,2449,454,0.5276,0.0002
89.37,2.685,2449,454,0.5276,0.0002
89.37,2.808,2449,454,0.5276,0.0002
89.37,2.931,2449,454,0.5276,0.0002
89.37,3.053,2449,454,0.5276,0.0002
89.37,3.176,2449,454,0.5276,0.0002
89.37,3.299,2449,454,0.5276,0.0002
89.37,3.421,2449,454,0.5276,0.0002
89.37,3.544,2449,454,0.5276,0.0002
89.37,3.667,2449,454,0.5276,0.0002
89.37,3.789,2449,454,0.5276,0.0002
89.37,3.912,2449,454,0.5276,0.0002
89.37,4.035,2449,454,0.5276,0.0002
89.37,4.157,2449,454,0.5276,0.0002
89.37,4.28,2449,454,0.5276,0.0002
89.37,4.403,2449,454,0.5276,0.0002
89.37,4.525,2449,454,0.5276,0.0002
89.37,4.648,2449,454,0.5276,0.0002
89.37,4.771,2449,454,0.5276,0.0002
89.37,4.893,2449,454,0.5276,0.0002
89.37,5.016,2449,454,0.5276,0.0002
89.37,5.139,2449,454,0.5276,0.0002
89.37,5.261,2449,454,0.5276,0.0002
89.37,5.384,2449,454,0.5276,0.0002
89.37,5.507,2449,454,0.5276,0.0002
89.37,5.629,2449,454,0.5276,0.0002
89.37,5.752,2449,454,0.5276,0.0002
89.37,5.875,2449,454,0.5276,0.0002
89.37,5.997,2449,454,0.5276,0.0002
92.2,-0.01378,2449,453.9,0.5276,0.0003
92.2,0.1089,2449,453.9,0.5276,0.0003
92.2,0.2316,2449,453.9,0.5276,0.0003
92.2,0.3543,2449,453.9,0.5276,0.0003
92.2,0.4769,2449,453.9,0.5276,0.0003
92.2,0.5996,2449,453.9,0.5276,0.0003
92.2,0.7223,2449,453.9,0.5276,0.0003
92.2,0.845,2449,453.9,0.5276,0.0003
92.2,0.9677,2449,453.9,0.5276,0.0003
92.2,1.09,2449,453.9,0.5276,0.0003
92.2,1.213,2449,453.9,0.5276,0.0003
92.2,1.336,2449,453.9,0.5276,0.0003
92.2,1.458,2449,453.9,0.5276,0.0003
92.2,1.581,2449,453.9,0.5276,0.0003
92.2,1.704,2449,453.9,0.5276,0.0003
92.2,1.826,2449,453.9,0.5276,0.0003
92.2,1.949,2449,453.9,0.5276,0.0003
92.2,2.072,2449,453.9,0.5276,0.0003
92.2,2.194,2449,453.9,0.5276,0.0003
92.2,2.317,2449,453.9,0.5276,0.0003
92.2,2.44,2449,453.9,0.5276,0.0003
92.2,2.562,2449,453.9,0.5276,0.0003
92.2,2.685,2449,453.9,0.5276,0.0003
92.2,2.808,2449,453.9,0.5276,0.0003
92.2,2.931,2449,453.9,0.5276,0.0003
92.2,3.053,2449,453.9,0.5276,0.0003
92.2,3.176,2449,453.9,0.5276,0.0003
92.2,3.299,2449,453.9,0.5276,0.0003
92.2,3.421,2449,453.9,0.5276,0.0003
92.2,3.544,2449,453.9,0.5276,0.0003
92.2,3.667,2449,453.9,0.5276,0.0003
92.2,3.789,2449,453.9,0.5276,0.0003
92.2,3.912,2449,453.9,0.5276,0.0003
92.2,4.035,2449,453.9,0.5276,0.0003
92.2,4.157,2449,453.9,0.5276,0.0003
92.2,4.28,2449,453.9,0.5276,0.0003
92.2,4.403,2449,453.9,0.5276,0.0003
92.2,4.525,2449,453.9,0.5276,0.0003
92.2,4.648,2449,453.9,0.5276,0.0003
92.2,4.771,2449,453.9,0.5276,0.0003
92.2,4.893,2449,453.9,0.5276,0.0003
92.2,5.016,2449,453.9,0.5276,0.0003
92.2,5.139,2449,453.9,0.5276,0.0003
92.2,5.261,2449,453.9,0.5276,0.0003
92.2,5.384,2449,453.9,0.5276,0.0003
92.2,5.507,2449,453.9,0.5276,0.0003
92.2,5.629,2449,453.9,0.5276,0.0003
92.2,5.752,2449,453.9,0.5276,0.0003
92.2,5.875,2449,453.9,0.5276,0.0003
92.2,5.997,2449,453.9,0.5276,0.0003
95.03,-0.01378,2449,453.7,0.5276,0.0003
95.03,0.1089,2449,453.7,0.5276,0.0003
95.03,0.2316,2449,453.7,0.5276,0.0003
95.03,0.3543,2449,453.7,0.5276,0.0003
95.03,0.4769,2449,453.7,0.5276,0.0003
95.03,0.5996,2449,453.7,0.5276,0.0003
95.03,0.7223,2449,453.7,0.5276,0.0003
95.03,0.845,2449,453.7,0.5276,0.0003
95.03,0.9677,2449,453.7,0.5276,0.0003
95.03,1.09,2449,453.7,0.5276,0.0003
95.03,1.213,2449,453.7,0.5276,0.0003
95.03,1.336,2449,453.7,0.5276,0.0003
95.03,1.458,2449,453.7,0.5276,0.0003
95.03,1.581,2449,453.7,0.5276,0.0003
95.03,1.704,2449,453.7,0.5276,0.0003
95.03,1.826,2449,453.7,0.5276,0.0003
95.03,1.949,2449,453.7,0.5276,0.0003
95.03,2.072,2449,453.7,0.5276,0.0003
95.03,2.194,2449,453.7,0.5276,0.0003
95.03,2.317,2449,453.7,0.5276,0.0003
95.03,2.44,2449,453.7,0.5276,0.0003
95.03,2.562,2449,453.7,0.5276,0.0003
95.03,2.685,2449,453.7,0.5276,0.0003
95.03,2.808,2449,453.7,0.5276,0.0003
95.03,2.931,2449,453.7,0.5276,0.0003
95.03,3.053,2449,453.7,0.5276,0.0003
95.03,3.176,2449,453.7,0.5276,0.0003
95.03,3.299,2449,453.7,0.5276,0.0003
95.03,3.421,2449,453.7,0.5276,0.0003
95.03,3.544,2449,453.7,0.5276,0.0003
95.03,3.667,2449,453.7,0.5276,0.0003
95.03,3.789,2449,453.7,0.5276,0.0003
95.03,3.912,2449,453.7,0.5276,0.0003
95.03,4.035,2449,453.7,0.5276,0.0003
95.03,4.157,2449,453.7,0.5276,0.0003
95.03,4.28,2449,453.7,0.5276,0.0003
95.03,4.403,2449,453.7,0.5276,0.0003
95.03,4.525,2449,453.7,0.5276,0.0003
95.03,4.648,2449,453.7,0.5276,0.0003
95.03,4.771,2449,453.7,0.5276,0.0003
95.03,4.893,2449,453.7,0.5276,0.0003
95.03,5.016,2449,453.7,0.5276,0.0003
95.03,5.139,2449,453.7,0.5276,0.0003
95.03,5.261,2449,453.7,0.5276,0.0003
95.03,5.384,2449,453.7,0.5276,0.0003
95.03,5.507,2449,453.7,0.5276,0.0003
95.03,5.629,2449,453.7,0.5276,0.0003
95.03,5.752,2449,453.7,0.5276,0.0003
95.03,5.875,2449,453.7,0.5276,0.0003
95.03,5.997,2449,453.7,0.5276,0.0003
97.87,-0.01378,2449,453.5,0.5277,0.0003
97.87,0.1089,2449,453.5,0.5277,0.0003
97.87,0.2316,2449,453.5,0.5277,0.0003
97.87,0.3543,2449,453.5,0.5277,0.0003
97.87,0.4769,2449,453.5,0.5277,0.0003
97.87,0.5996,2449,453.5,0.5277,0.0003
97.87,0.7223,2449,453.5,0.5277,0.0003
97.87,0.845,2449,453.5,0.5277,0.0003
97.87,0.9677,2449,453.5,0.5277,0.0003
97.87,1.09,2449,453.5,0.5277,0.0003
97.87,1.213,2449,453.5,0.5277,0.0003
97.87,1.336,2449,453.5,0.5277,0.0003
97.87,1.458,2449,453.5,0.5277,0.0003
97.87,1.581,2449,453.5,0.5277,0.0003
97.87,1.704,2449,453.5,0.5277,0.0003
97.87,1.826,2449,453.5,0.5277,0.0003
97.87,1.949,2449,453.5,0.5277,0.0003
97.87,2.072,2449,453.5,0.5277,0.0003
97.87,2.194,2449,453.5,0.5277,0.0003
97.87,2.317,2449,453.5,0.5277,0.0003
97.87,2.44,2449,453.5,0.5277,0.0003
97.87,2.562,2449,453.5,0.5277,0.0003
97.87,2.685,2449,453.5,0.5277,0.0003
97.87,2.808,2449,453.5,0.5277,0.0003
97.87,2.931,2449,453.5,0.5277,0.0003
97.87,3.053,2449,453.5,0.5277,0.0003
97.87,3.176,2449,453.5,0.5277,0.0003
97.87,3.299,2449,453.5,0.5277,0.0003
97.87,3.421,2449,453.5,0.5277,0.0003
97.87,3.544,2449,453.5,0.5277,0.0003
97.87,3.667,2449,453.5,0.5277,0.0003
97.87,3.789,2449,453.5,0.5277,0.0003
97.87,3.912,2449,453.5,0.5277,0.0003
97.87,4.035,2449,453.5,0.5277,0.0003
97.87,4.157,2449,453.5,0.5277,0.0003
97.87,4.28,2449,453.5,0.5277,0.0003
97.87,4.403,2449,453.5,0.5277,0.0003
97.87,4.525,2449,453.5,0.5277,0.0003
97.87,4.648,2449,453.5,0.5277,0.0003
97.87,4.771,2449,453.5,0.5277,0.0003
97.87,4.893,2449,453.5,0.5277,0.0003
97.87,5.016,2449,453.5,0.5277,0.0003
97.87,5.139,2449,453.5,0.5277,0.0003
97.87,5.261,2449,453.5,0.5277,0.0003
97.87,5.384,2449,453.5,0.5277,0.0003
97.87,5.507,2449,453.5,0.5277,0.0003
97.87,5.629,2449,453.5,0.5277,0.0003
97.87,5.752,2449,453.5,0.5277,0.0003
97.87,5.875,2449,453.5,0.5277,0.0003
97.87,5.997,2449,453.5,0.5277,0.0003
100.7,-0.01378,2449,436.1,0.5485,0.0004
100.7,0.1089,2449,453.3,0.5278,0.0003
100.7,0.2316,2449,453.3,0.5278,0.0003
100.7,0.3543,2449,453.3,0.5278,0.0003
100.7,0.4769,2449,453.3,0.5278,0.0003
100.7,0.5996,2449,453.3,0.5278,0.0003
100.7,0.7223,2449,453.3,0.5278,0.0003
100.7,0.845,2449,453.3,0.5278,0.0003
100.7,0.9677,2449,453.3,0.5278,0.0003
100.7,1.09,2449,453.3,0.5278,0.0003
100.7,1.213,2449,453.3,0.5278,0.0003
100.7,1.336,2449,453.3,0.5278,0.0003
100.7,1.458,2449,453.3,0.5278,0.0003
100.7,1.581,2449,453.3,0.5278,0.0003
100.7,1.704,2449,453.3,0.5278,0.0003
100.7,1.826,2449,453.3,0.5278,0.0003
100.7,1.949,2449,453.3,0.5278,0.0003
100.7,2.072,2449,453.3,0.5278,0.0003
100.7,2.194,2449,453.3,0.5278,0.0003
100.7,2.317,2449,453.3,0.5278,0.0003
100.7,2.44,2449,453.3,0.5278,0.0003
100.7,2.562,2449,453.3,0.5278,0.0003
100.7,2.685,2449,453.3,0.5278,0.0003
100.7,2.808,2449,453.3,0.5278,0.0003
100.7,2.931,2449,453.3,0.5278,0.0003
100.7,3.053,2449,453.3,0.5278,0.0003
100.7,3.176,2449,453.3,0.5278,0.0003
100.7,3.299,2449,453.3,0.5278,0.0003
100.7,3.421,2449,453.3,0.5278,0.0003
100.7,3.544,2449,453.3,0.5278,0.0003
100.7,3.667,2449,453.3,0.5278,0.0003
100.7,3.789,2449,453.3,0.5278,0.0003
100.7,3.912,2449,453.3,0.5278,0.0003
100.7,4.035,2449,453.3,0.5278,0.0003
100.7,4.157,2449,453.3,0.5278,0.0003
100.7,4.28,2449,453.3,0.5278,0.0003
100.7,4.403,2449,453.3,0.5278,0.0003
100.7,4.525,2449,453.3,0.5278,0.0003
100.7,4.648,2449,453.3,0.5278,0.0003
100.7,4.771,2449,453.3,0.5278,0.0003
100.7,4.893,2449,453.3,0.5278,0.0003
100.7,5.016,2449,453.3,0.5278,0.0003
100.7,5.139,2449,453.3,0.5278,0.0003
100.7,5.261,2449,453.3,0.5278,0.0003
100.7,5.384,2449,453.3,0.5278,0.0003
100.7,5.507,2449,453.3,0.5278,0.0003
100.7,5.629,2449,453.3,0.5278,0.0003
100.7,5.752,2449,453.3,0.5278,0.0003
100.7,5.875,2449,453.3,0.5278,0.0003
100.7,5.997,2449,453.3,0.5278,0.0003
103.5,-0.01378,2450,406.9,0.5873,0.0005
103.5,0.1089,2450,440.1,0.5433,0.0004
103.5,0.2316,2450,453.1,0.5278,0.0004
103.5,0.3543,2450,453.1,0.5278,0.0004
103.5,0.4769,2450,453.1,0.5278,0.0004
103.5,0.5996,2450,453.1,0.5278,0.0004
103.5,0.7223,2450,453.1,0.5278,0.0004
103.5,0.845,2450,453.1,0.5278,0.0004
103.5,0.9677,2450,453.1,0.5278,0.0004
103.5,1.09,2450,453.1,0.5278,0.0004
103.5,1.213,2450,453.1,0.5278,0.0004
103.5,1.336,2450,453.1,0.5278,0.0004
103.5,1.458,2450,453.1,0.5278,0.0004
103.5,1.581,2450,453.1,0.5278,0.0004
103.5,1.704,2450,453.1,0.5278,0.0004
103.5,1.826,2450,453.1,0.5278,0.0004
103.5,1.949,2450,453.1,0.5278,0.0004
103.5,2.072,2450,453.1,0.5278,0.0004
103.5,2.194,2450,453.1,0.5278,0.0004
103.5,2.317,2450,453.1,0.5278,0.0004
103.5,2.44,2450,453.1,0.5278,0.0004
103.5,2.562,2450,453.1,0.5278,0.0004
103.5,2.685,2450,453.1,0.5278,0.0004
103.5,2.808,2450,453.1,0.5278,0.0004
103.5,2.931,2450,453.1,0.5278,0.0004
103.5,3.053,2450,453.1,0.5278,0.0004
103.5,3.176,2450,453.1,0.5278,0.0004
103.5,3.299,2450,453.1,0.5278,0.0004
103.5,3.421,2450,453.1,0.5278,0.0004
103.5,3.544,2450,453.1,0.5278,0.0004
103.5,3.667,2450,453.1,0.5278,0.0004
103.5,3.789,2450,453.1,0.5278,0.0004
103.5,3.912,2450,453.1,0.5278,0.0004
103.5,4.035,2450,453.1,0.5278,0.0004
103.5,4.157,2450,453.1,0.5278,0.0004
103.5,4.28,2450,453.1,0.5278,0.0004
103.5,4.403,2450,453.1,0.5278,0.0004
103.5,4.525,2450,453.1,0.5278,0.0004
103.5,4.648,2450,453.1,0.5278,0.0004
103.5,4.771,2450,453.1,0.5278,0.0004
103.5,4.893,2450,453.1,0.5278,0.0004
103.5,5.016,2450,453.1,0.5278,0.0004
103.5,5.139,2450,453.1,0.5278,0.0004
103.5,5.261,2450,453.1,0.5278,0.0004
103.5,5.384,2450,453.1,0.5278,0.0004
103.5,5.507,2450,453.1,0.5278,0.0004
103.5,5.629,2450,453.1,0.5278,0.0004
103.5,5.752,2450,453.1,0.5278,0.0004
103.5,5.875,2450,453.1,0.5278,0.0004
103.5,5.997,2450,453.1,0.5278,0.0004
106.4,-0.01378,2450,373.8,0.6382,0.0006
106.4,0.1089,2450,412.2,0.5795,0.0005
106.4,0.2316,2450,441.7,0.5412,0.0004
106.4,0.3543,2450,452.9,0.5279,0.0004
106.4,0.4769,2450,452.9,0.5279,0.0004
106.4,0.5996,2450,452.9,0.5279,0.0004
106.4,0.7223,2450,452.9,0.5279,0.0004
106.4,0.845,2450,452.9,0.5279,0.0004
106.4,0.9677,2450,452.9,0.5279,0.0004
106.4,1.09,2450,452.9,0.5279,0.0004
106.4,1.213,2450,452.9,0.5279,0.0004
106.4,1.336,2450,452.9,0.5279,0.0004
106.4,1.458,2450,452.9,0.5279,0.0004
106.4,1.581,2450,452.9,0.5279,0.0004
106.4,1.704,2450,452.9,0.5279,0.0004
106.4,1.826,2450,452.9,0.5279,0.0004
106.4,1.949,2450,452.9,0.5279,0.0004
106.4,2.072,2450,452.9,0.5279,0.0004
106.4,2.194,2450,452.9,0.5279,0.0004
106.4,2.317,2450,452.9,0.5279,0.0004
106.4,2.44,2450,452.9,0.5279,0.0004
106.4,2.562,2450,452.9,0.5279,0.0004
106.4,2.685,2450,452.9,0.5279,0.0004
106.4,2.808,2450,452.9,0.5279,0.0004
106.4,2.931,2450,452.9,0.5279,0.0004
106.4,3.053,2450,452.9,0.5279,0.0004
106.4,3.176,2450,452.9,0.5279,0.0004
106.4,3.299,2450,452.9,0.5279,0.0004
106.4,3.421,2450,452.9,0.5279,0.0004
106.4,3.544,2450,452.9,0.5279,0.0004
106.4,3.667,2450,452.9,0.5279,0.0004
106.4,3.789,2450,452.9,0.5279,0.0004
106.4,3.912,2450,452.9,0.5279,0.0004
106.4,4.035,2450,452.9,0.5279,0.0004
106.4,4.157,2450,452.9,0.5279,0.0004
106.4,4.28,2450,452.9,0.5279,0.0004
106.4,4.403,2450,452.9,0.5279,0.0004
106.4,4.525,2450,452.9,0.5279,0.0004
106.4,4.648,2450,452.9,0.5279,0.0004
106.4,4.771,2450,452.9,0.5279,0.0004
106.4,4.893,2450,452.9,0.5279,0.0004
106.4,5.016,2450,452.9,0.5279,0.0004
106.4,5.139,2450,452.9,0.5279,0.0004
106.4,5.261,2450,452.9,0.5279,0.0004
106.4,5.384,2450,452.9,0.5279,0.0004
106.4,5.507,2450,452.9,0.5279,0.0004
106.4,5.629,2450,452.9,0.5279,0.0004
106.4,5.752,2450,452.9,0.5279,0.0004
106.4,5.875,2450,452.9,0.5279,0.0004
106.4,5.997,2450,452.9,0.5279,0.0004
109.2,-0.01378,2450,345.6,0.6889,0.0008
109.2,0.1089,2450,379.5,0.6285,0.0006
109.2,0.2316,2450,414.3,0.5764,0.0005
109.2,0.3543,2450,441.3,0.5414,0.0005
109.2,0.4769,2450,452.7,0.5279,0.0005
109.2,0.5996,2450,452.7,0.5279,0.0005
109.2,0.7223,2450,452.7,0.5279,0.0005
109.2,0.845,2450,452.7,0.5279,0.0005
109.2,0.9677,2450,452.7,0.5279,0.0005
109.2,1.09,2450,452.7,0.5279,0.0005
109.2,1.213,2450,452.7,0.5279,0.0005
109.2,1.336,2450,452.7,0.5279,0.0005
109.2,1.458,2450,452.7,0.5279,0.0005
109.2,1.581,2450,452.7,0.5279,0.0005
109.2,1.704,2450,452.7,0.5279,0.0005
109.2,1.826,2450,452.7,0.5279,0.0005
109.2,1.949,2450,452.7,0.5279,0.0005
109.2,2.072,2450,452.7,0.5279,0.0005
109.2,2.194,2450,452.7,0.5279,0.0005
109.2,2.317,2450,452.7,0.5279,0.0005
109.2,2.44,2450,452.7,0.5279,0.0005
109.2,2.562,2450,452.7,0.5279,0.0005
109.2,2.685,2450,452.7,0.5279,0.0005
109.2,2.808,2450,452.7,0.5279,0.0005
109.2,2.931,2450,452.7,0.5279,0.0005
109.2,3.053,2450,452.7,0.5279,0.0005
109.2,3.176,2450,452.7,0.5279,0.0005
109.2,3.299,2450,452.7,0.5279,0.0005
109.2,3.421,2450,452.7,0.5279,0.0005
109.2,3.544,2450,452.7,0.5279,0.0005
109.2,3.667,2450,452.7,0.5279,0.0005
109.2,3.789,2450,452.7,0.5279,0.0005
109.2,3.912,2450,452.7,0.5279,0.0005
109.2,4.035,2450,452.7,0.5279,0.0005
109.2,4.157,2450,452.7,0.5279,0.0005
109.2,4.28,2450,452.7,0.5279,0.0005
109.2,4.403,2450,452.7,0.5279,0.0005
109.2,4.525,2450,452.7,0.5279,0.0005
109.2,4.648,2450,452.7,0.5279,0.0005
109.2,4.771,2450,452.7,0.5279,0.0005
109.2,4.893,2450,452.7,0.5279,0.0005
109.2,5.016,2450,452.7,0.5279,0.0005
109.2,5.139,2450,452.7,0.5279,0.0005
109.2,5.261,2450,452.7,0.5279,0.0005
109.2,5.384,2450,452.7,0.5279,0.0005
109.2,5.507,2450,452.7,0.5279,0.0005
109.2,5.629,2450,452.7,0.5279,0.0005
109.2,5.752,2450,452.7,0.5279,0.0005
109.2,5.875,2450,452.7,0.5279,0.0005
109.2,5.997,2450,452.7,0.5279,0.0005
112,-0.01378,2451,324.6,0.7315,0.001
112,0.1089,2451,350.3,0.6794,0.0009
112,0.2316,2450,381.9,0.6242,0.0007
112,0.3543,2450,413.8,0.5768,0.0006
112,0.4769,2450,439.2,0.5438,0.0005
112,0.5996,2450,452.4,0.528,0.0005
112,0.7223,2450,452.4,0.528,0.0005
112,0.845,2450,452.4,0.528,0.0005
112,0.9677,2450,452.4,0.528,0.0005
112,1.09,2450,452.4,0.528,0.0005
112,1.213,2450,452.4,0.528,0.0005
112,1.336,2450,452.4,0.528,0.0005
112,1.458,2450,452.4,0.528,0.0005
112,1.581,2450,452.4,0.528,0.0005
112,1.704,2450,452.4,0.528,0.0005
112,1.826,2450,452.4,0.528,0.0005
112,1.949,2450,452.4,0.528,0.0005
112,2.072,2450,452.4,0.528,0.0005
112,2.194,2450,452.4,0.528,0.0005
112,2.317,2450,452.4,0.528,0.0005
112,2.44,2450,452.4,0.528,0.0005
112,2.562,2450,452.4,0.528,0.0005
112,2.685,2450,452.4,0.528,0.0005
112,2.808,2450,452.4,0.528,0.0005
112,2.931,2450,452.4,0.528,0.0005
112,3.053,2450,452.4,0.528,0.0005
112,3.176,2450,452.4,0.528,0.0005
112,3.299,2450,452.4,0.528,0.0005
112,3.421,2450,452.4,0.528,0.0005
112,3.544,2450,452.4,0.528,0.0005
112,3.667,2450,452.4,0.528,0.0005
112,3.789,2450,452.4,0.528,0.0005
112,3.912,2450,452.4,0.528,0.0005
112,4.035,2450,452.4,0.528,0.0005
112,4.157,2450,452.4,0.528,0.0005
112,4.28,2450,452.4,0.528,0.0005
112,4.403,2450,452.4,0.528,0.0005
112,4.525,2450,452.4,0.528,0.0005
112,4.648,2450,452.4,0.528,0.0005
112,4.771,2450,452.4,0.528,0.0005
112,4.893,2450,452.4,0.528,0.0005
112,5.016,2450,452.4,0.528,0.0005
112,5.139,2450,452.4,0.528,0.0005
112,5.261,2450,452.4,0.528,0.0005
112,5.384,2450,452.4,0.528,0.0005
112,5.507,2450,452.4,0.528,0.0005
112,5.629,2450,452.4,0.528,0.0005
112,5.752,2450,452.4,0.528,0.0005
112,5.875,2450,452.4,0.528,0.0005
112,5.997,2450,452.4,0.528,0.0005
114.9,-0.01378,2451,309.1,0.7658,0.0013
114.9,0.1089,2451,328.2,0.7231,0.0011
114.9,0.2316,2451,352.5,0.6747,0.0009
114.9,0.3543,2451,381.6,0.6243,0.0008
114.9,0.4769,2451,411.2,0.5801,0.0006
114.9,0.5996,2450,435.5,0.548,0.0006
114.9,0.7223,2451,452.1,0.5281,0.0005
114.9,0.845,2451,452.1,0.5281,0.0005
114.9,0.9677,2451,452.1,0.5281,0.0005
114.9,1.09,2451,452.1,0.5281,0.0005
114.9,1.213,2451,452.1,0.5281,0.0005
114.9,1.336,2451,452.1,0.5281,0.0005
114.9,1.458,2451,452.1,0.5281,0.0005
114.9,1.581,2451,452.1,0.5281,0.0005
114.9,1.704,2451,452.1,0.5281,0.0005
114.9,1.826,2451,452.1,0.5281,0.0005
114.9,1.949,2451,452.1,0.5281,0.0005
114.9,2.072,2451,452.1,0.5281,0.0005
114.9,2.194,2451,452.1,0.5281,0.0005
114.9,2.317,2451,452.1,0.5281,0.0005
114.9,2.44,2451,452.1,0.5281,0.0005
114.9,2.562,2451,452.1,0.5281,0.0005
114.9,2.685,2451,452.1,0.5281,0.0005
114.9,2.808,2451,452.1,0.5281,0.0005
114.9,2.931,2451,452.1,0.5281,0.0005
114.9,3.053,2451,452.1,0.5281,0.0005
114.9,3.176,2451,452.1,0.5281,0.0005
114.9,3.299,2451,452.1,0.5281,0.0005
114.9,3.421,2451,452.1,0.5281,0.0005
114.9,3.544,2451,452.1,0.5281,0.0005
114.9,3.667,2451,452.1,0.5281,0.0005
114.9,3.789,2451,452.1,0.5281,0.0005
114.9,3.912,2451,452.1,0.5281,0.0005
114.9,4.035,2451,452.1,0.5281,0.0005
114.9,4.157,2451,452.1,0.5281,0.0005
114.9,4.28,2451,452.1,0.5281,0.0005
114.9,4.403,2451,452.1,0.5281,0.0005
114.9,4.525,2451,452.1,0.5281,0.0005
114.9,4.648,2451,452.1,0.5281,0.0005
114.9,4.771,2451,452.1,0.5281,0.0005
114.9,4.893,2451,452.1,0.5281,0.0005
114.9,5.016,2451,452.1,0.5281,0.0005
114.9,5.139,2451,452.1,0.5281,0.0005
114.9,5.261,2451,452.1,0.5281,0.0005
114.9,5.384,2451,452.1,0.5281,0.0005
114.9,5.507,2451,452.1,0.5281,0.0005
114.9,5.629,2451,452.1,0.5281,0.0005
114.9,5.752,2451,452.1,0.5281,0.0005
114.9,5.875,2451,452.1,0.5281,0.0005
114.9,5.997,2451,452.1,0.5281,0.0005
117.7,-0.01378,2452,297.3,0.7935,0.0016
117.7,0.1089,2452,311.9,0.7585,0.0014
117.7,0.2316,2451,330,0.7186,0.0012
117.7,0.3543,2451,352.5,0.6742,0.001
117.7,0.4769,2451,379.1,0.6279,0.0008
117.7,0.5996,2451,406.6,0.5861,0.0007
117.7,0.7223,2451,430.3,0.5543,0.0006
117.7,0.845,2451,449,0.5315,0.0006
117.7,0.9677,2451,451.9,0.5281,0.0006
117.7,1.09,2451,451.9,0.5281,0.0006
117.7,1.213,2451,451.9,0.5281,0.0006
117.7,1.336,2451,451.9,0.5281,0.0006
117.7,1.458,2451,451.9,0.5281,0.0006
117.7,1.581,2451,451.9,0.5281,0.0006
117.7,1.704,2451,451.9,0.5281,0.0006
117.7,1.826,2451,451.9,0.5281,0.0006
117.7,1.949,2451,451.9,0.5281,0.0006
117.7,2.072,2451,451.9,0.5281,0.0006
117.7,2.194,2451,451.9,0.5281,0.0006
117.7,2.317,2451,451.9,0.5281,0.0006
117.7,2.44,2451,451.9,0.5281,0.0006
117.7,2.562,2451,451.9,0.5281,0.0006
117.7,2.685,2451,451.9,0.5281,0.0006
117.7,2.808,2451,451.9,0.5281,0.0006
117.7,2.931,2451,451.9,0.5281,0.0006
117.7,3.053,2451,451.9,0.5281,0.0006
117.7,3.176,2451,451.9,0.5281,0.0006
117.7,3.299,2451,451.9,0.5281,0.0006
117.7,3.421,2451,451.9,0.5281,0.0006
117.7,3.544,2451,451.9,0.5281,0.0006
117.7,3.667,2451,451.9,0.5281,0.0006
117.7,3.789,2451,451.9,0.5281,0.0006
117.7,3.912,2451,451.9,0.5281,0.0006
117.7,4.035,2451,451.9,0.5281,0.0006
117.7,4.157,2451,451.9,0.5281,0.0006
117.7,4.28,2451,451.9,0.5281,0.0006
117.7,4.403,2451,451.9,0.5281,0.0006
117.7,4.525,2451,451.9,0.5281,0.0006
117.7,4.648,2451,451.9,0.5281,0.0006
117.7,4.771,2451,451.9,0.5281,0.0006
117.7,4.893,2451,451.9,0.5281,0.0006
117.7,5.016,2451,451.9,0.5281,0.0006
117.7,5.139,2451,451.9,0.5281,0.0006
117.7,5.261,2451,451.9,0.5281,0.0006
117.7,5.384,2451,451.9,0.5281,0.0006
117.7,5.507,2451,451.9,0.5281,0.0006
117.7,5.629,2451,451.9,0.5281,0.0006
117.7,5.752,2451,451.9,0.5281,0.0006
117.7,5.875,2451,451.9,0.5281,0.0006
117.7,5.997,2451,451.9,0.5281,0.0006
120.5,-0.01378,2453,288,0.8161,0.002
120.5,0.1089,2452,299.5,0.7871,0.0017
120.5,0.2316,2452,313.3,0.7544,0.0015
120.5,0.3543,2452,330.1,0.7176,0.0013
120.5,0.4769,2452,350.7,0.6769,0.0011
120.5,0.5996,2451,374.9,0.6343,0.0009
120.5,0.7223,2451,400.4,0.5946,0.0008
120.5,0.845,2451,423.6,0.5626,0.0007
120.5,0.9677,2451,442.4,0.539,0.0007
120.5,1.09,2451,451.5,0.5282,0.0006
120.5,1.213,2451,451.5,0.5282,0.0006
120.5,1.336,2451,451.5,0.5282,0.0006
120.5,1.458,2451,451.5,0.5282,0.0006
120.5,1.581,2451,451.5,0.5282,0.0006
120.5,1.704,2451,451.5,0.5282,0.0006
120.5,1.826,2451,451.5,0.5282,0.0006
120.5,1.949,2451,451.5,0.5282,0.0006
120.5,2.072,2451,451.5,0.5282,0.0006
120.5,2.194,2451,451.5,0.5282,0.0006
120.5,2.317,2451,451.5,0.5282,0.0006
120.5,2.44,2451,451.5,0.5282,0.0006
120.5,2.562,2451,451.5,0.5282,0.0006
120.5,2.685,2451,451.5,0.5282,0.0006
120.5,2.808,2451,451.5,0.5282,0.0006
120.5,2.931,2451,451.5,0.5282,0.0006
120.5,3.053,2451,451.5,0.5282,0.0006
120.5,3.176,2451,451.5,0.5282,0.0006
120.5,3.299,2451,451.5,0.5282,0.0006
120.5,3.421,2451,451.5,0.5282,0.0006
120.5,3.544,2451,451.5,0.5282,0.0006
120.5,3.667,2451,451.5,0.5282,0.0006
120.5,3.789,2451,451.5,0.5282,0.0006
120.5,3.912,2451,451.5,0.5282,0.0006
120.5,4.035,2451,451.5,0.5282,0.0006
120.5,4.157,2451,451.5,0.5282,0.0006
120.5,4.28,2451,451.5,0.5282,0.0006
120.5,4.403,2451,451.5,0.5282,0.0006
120.5,4.525,2451,451.5,0.5282,0.0006
120.5,4.648,2451,451.5,0.5282,0.0006
120.5,4.771,2451,451.5,0.5282,0.0006
120.5,4.893,2451,451.5,0.5282,0.0006
120.5,5.016,2451,451.5,0.5282,0.0006
120.5,5.139,2451,451.5,0.5282,0.0006
120.5,5.261,2451,451.5,0.5282,0.0006
120.5,5.384,2451,451.5,0.5282,0.0006
120.5,5.507,2451,451.5,0.5282,0.0006
120.5,5.629,2451,451.5,0.5282,0.0006
120.5,5.752,2451,451.5,0.5282,0.0006
120.5,5.875,2451,451.5,0.5282,0.0006
120.5,5.997,2451,451.5,0.5282,0.0006
123.4,-0.01378,2454,280.3,0.8349,0.0023
123.4,0.1089,2453,289.6,0.8105,0.0021
123.4,0.2316,2453,300.5,0.7834,0.0018
123.4,0.3543,2453,313.4,0.7531,0.0016
123.4,0.4769,2452,328.9,0.7194,0.0014
123.4,0.5996,2452,347.5,0.6823,0.0012
123.4,0.7223,2452,369.2,0.6432,0.001
123.4,0.845,2452,392.8,0.6055,0.0009
123.4,0.9677,2451,415.3,0.5733,0.0008
123.4,1.09,2451,434.5,0.5484,0.0008
123.4,1.213,2451,450.1,0.5296,0.0007
123.4,1.336,2451,451.2,0.5283,0.0007
123.4,1.458,2451,451.2,0.5283,0.0007
123.4,1.581,2451,451.2,0.5283,0.0007
123.4,1.704,2451,451.2,0.5283,0.0007
123.4,1.826,2451,451.2,0.5283,0.0007
123.4,1.949,2451,451.2,0.5283,0.0007
123.4,2.072,2451,451.2,0.5283,0.0007
123.4,2.194,2451,451.2,0.5283,0.0007
123.4,2.317,2451,451.2,0.5283,0.0007
123.4,2.44,2451,451.2,0.5283,0.0007
123.4,2.562,2451,451.2,0.5283,0.0007
123.4,2.685,2451,451.2,0.5283,0.0007
123.4,2.808,2451,451.2,0.5283,0.0007
123.4,2.931,2451,451.2,0.5283,0.0007
123.4,3.053,2451,451.2,0.5283,0.0007
123.4,3.176,2451,451.2,0.5283,0.0007
123.4,3.299,2451,451.2,0.5283,0.0007
123.4,3.421,2451,451.2,0.5283,0.0007
123.4,3.544,2451,451.2,0.5283,0.0007
123.4,3.667,2451,451.2,0.5283,0.0007
123.4,3.789,2451,451.2,0.5283,0.0007
123.4,3.912,2451,451.2,0.5283,0.0007
123.4,4.035,2451,451.2,0.5283,0.0007
123.4,4.157,2451,451.2,0.5283,0.0007
123.4,4.28,2451,451.2,0.5283,0.0007
123.4,4.403,2451,451.2,0.5283,0.0007
123.4,4.525,2451,451.2,0.5283,0.0007
123.4,4.648,2451,451.2,0.5283,0.0007
123.4,4.771,2451,451.2,0.5283,0.0007
123.4,4.893,2451,451.2,0.5283,0.0007
123.4,5.016,2451,451.2,0.5283,0.0007
123.4,5.139,2451,451.2,0.5283,0.0007
123.4,5.261,2451,451.2,0.5283,0.0007
123.4,5.384,2451,451.2,0.5283,0.0007
123.4,5.507,2451,451.2,0.5283,0.0007
123.4,5.629,2451,451.2,0.5283,0.0007
123.4,5.752,2451,451.2,0.5283,0.0007
123.4,5.875,2451,451.2,0.5283,0.0007
123.4,5.997,2451,451.2,0.5283,0.0007
126.2,-0.01378,2455,273.7,0.8508,0.0027
126.2,0.1089,2454,281.6,0.8299,0.0025
126.2,0.2316,2454,290.4,0.8071,0.0022
126.2,0.3543,2453,300.6,0.7819,0.002
126.2,0.4769,2453,312.5,0.7541,0.0018
126.2,0.5996,2453,326.5,0.7234,0.0015
126.2,0.7223,2452,343.2,0.6897,0.0014
126.2,0.845,2452,362.6,0.6541,0.0012
126.2,0.9677,2452,384.1,0.6184,0.001
126.2,1.09,2452,405.7,0.5862,0.0009
126.2,1.213,2452,425,0.56,0.0008
126.2,1.336,2452,441.3,0.5397,0.0008
126.2,1.458,2452,450.8,0.5284,0.0008
126.2,1.581,2452,450.8,0.5284,0.0008
126.2,1.704,2452,450.8,0.5284,0.0008
126.2,1.826,2452,450.8,0.5284,0.0008
126.2,1.949,2452,450.8,0.5284,0.0008
126.2,2.072,2452,450.8,0.5284,0.0008
126.2,2.194,2452,450.8,0.5284,0.0008
126.2,2.317,2452,450.8,0.5284,0.0008
126.2,2.44,2452,450.8,0.5284,0.0008
126.2,2.562,2452,450.8,0.5284,0.0008
126.2,2.685,2452,450.8,0.5284,0.0008
126.2,2.808,2452,450.8,0.5284,0.0008
126.2,2.931,2452,450.8,0.5284,0.0008
126.2,3.053,2452,450.8,0.5284,0.0008
126.2,3.176,2452,450.8,0.5284,0.0008
126.2,3.299,2452,450.8,0.5284,0.0008
126.2,3.421,2452,450.8,0.5284,0.0008
126.2,3.544,2452,450.8,0.5284,0.0008
126.2,3.667,2452,450.8,0.5284,0.0008
126.2,3.789,2452,450.8,0.5284,0.0008
126.2,3.912,2452,450.8,0.5284,0.0008
126.2,4.035,2452,450.8,0.5284,0.0008
126.2,4.157,2452,450.8,0.5284,0.0008
126.2,4.28,2452,450.8,0.5284,0.0008
126.2,4.403,2452,450.8,0.5284,0.0008
126.2,4.525,2452,450.8,0.5284,0.0008
126.2,4.648,2452,450.8,0.5284,0.0008
126.2,4.771,2452,450.8,0.5284,0.0008
126.2,4.893,2452,450.8,0.5284,0.0008
126.2,5.016,2452,450.8,0.5284,0.0008
126.2,5.139,2452,450.8,0.5284,0.0008
126.2,5.261,2452,450.8,0.5284,0.0008
126.2,5.384,2452,450.8,0.5284,0.0008
126.2,5.507,2452,450.8,0.5284,0.0008
126.2,5.629,2452,450.8,0.5284,0.0008
126.2,5.752,2452,450.8,0.5284,0.0008
126.2,5.875,2452,450.8,0.5284,0.0008
126.2,5.997,2452,450.8,0.5284,0.0008
129,-0.01378,2456,268,0.8643,0.0032
129,0.1089,2455,274.7,0.8462,0.0029
129,0.2316,2455,282.1,0.8267,0.0026
129,0.3543,2454,290.4,0.8055,0.0024
129,0.4769,2454,299.9,0.7824,0.0021
129,0.5996,2454,310.7,0.757,0.0019
129,0.7223,2453,323.4,0.7291,0.0017
129,0.845,2453,338.2,0.6987,0.0015
129,0.9677,2453,355.3,0.6663,0.0013
129,1.09,2452,374.6,0.6331,0.0012
129,1.213,2452,394.8,0.6015,0.0011
129,1.336,2452,414.1,0.5741,0.001
129,1.458,2452,431,0.552,0.0009
129,1.581,2452,445.3,0.5345,0.0008
129,1.704,2452,450.5,0.5285,0.0008
129,1.826,2452,450.5,0.5285,0.0008
129,1.949,2452,450.5,0.5285,0.0008
129,2.072,2452,450.5,0.5285,0.0008
129,2.194,2452,450.5,0.5285,0.0008
129,2.317,2452,450.5,0.5285,0.0008
129,2.44,2452,450.5,0.5285,0.0008
129,2.562,2452,450.5,0.5285,0.0008
129,2.685,2452,450.5,0.5285,0.0008
129,2.808,2452,450.5,0.5285,0.0008
129,2.931,2452,450.5,0.5285,0.0008
129,3.053,2452,450.5,0.5285,0.0008
129,3.176,2452,450.5,0.5285,0.0008
129,3.299,2452,450.5,0.5285,0.0008
129,3.421,2452,450.5,0.5285,0.0008
129,3.544,2452,450.5,0.5285,0.0008
129,3.667,2452,450.5,0.5285,0.0008
129,3.789,2452,450.5,0.5285,0.0008
129,3.912,2452,450.5,0.5285,0.0008
129,4.035,2452,450.5,0.5285,0.0008
129,4.157,2452,450.5,0.5285,0.0008
129,4.28,2452,450.5,0.5285,0.0008
129,4.403,2452,450.5,0.5285,0.0008
129,4.525,2452,450.5,0.5285,0.0008
129,4.648,2452,450.5,0.5285,0.0008
129,4.771,2452,450.5,0.5285,0.0008
129,4.893,2452,450.5,0.5285,0.0008
129,5.016,2452,450.5,0.5285,0.0008
129,5.139,2452,450.5,0.5285,0.0008
129,5.261,2452,450.5,0.5285,0.0008
129,5.384,2452,450.5,0.5285,0.0008
129,5.507,2452,450.5,0.5285,0.0008
129,5.629,2452,450.5,0.5285,0.0008
129,5.752,2452,450.5,0.5285,0.0008
129,5.875,2452,450.5,0.5285,0.0008
129,5.997,2452,450.5,0.5285,0.0008
131.9,-0.01378,2457,262.9,0.876,0.0037
131.9,0.1089,2456,268.8,0.8602,0.0034
131.9,0.2316,2456,275.1,0.8433,0.0031
131.9,0.3543,2455,282,0.8252,0.0028
131.9,0.4769,2455,289.8,0.8056,0.0026
131.9,0.5996,2454,298.4,0.7844,0.0023
131.9,0.7223,2454,308.3,0.7613,0.0021
131.9,0.845,2454,319.6,0.7361,0.0019
131.9,0.9677,2453,332.7,0.7087,0.0017
131.9,1.09,2453,347.7,0.6795,0.0015
131.9,1.213,2453,364.7,0.649,0.0014
131.9,1.336,2453,383.2,0.6187,0.0012
131.9,1.458,2453,401.8,0.5908,0.0011
131.9,1.581,2453,419.1,0.5669,0.001
131.9,1.704,2453,434.2,0.5475,0.001
131.9,1.826,2453,447.2,0.5319,0.0009
131.9,1.949,2453,450,0.5286,0.0009
131.9,2.072,2453,450,0.5286,0.0009
131.9,2.194,2453,450,0.5286,0.0009
131.9,2.317,2453,450,0.5286,0.0009
131.9,2.44,2453,450,0.5286,0.0009
131.9,2.562,2453,450,0.5286,0.0009
131.9,2.685,2453,450,0.5286,0.0009
131.9,2.808,2453,450,0.5286,0.0009
131.9,2.931,2453,450,0.5286,0.0009
131.9,3.053,2453,450,0.5286,0.0009
131.9,3.176,2453,450,0.5286,0.0009
131.9,3.299,2453,450,0.5286,0.0009
131.9,3.421,2453,450,0.5286,0.0009
131.9,3.544,2453,450,0.5286,0.0009
131.9,3.667,2453,450,0.5286,0.0009
131.9,3.789,2453,450,0.5286,0.0009
131.9,3.912,2453,450,0.5286,0.0009
131.9,4.035,2453,450,0.5286,0.0009
131.9,4.157,2453,450,0.5286,0.0009
131.9,4.28,2453,450,0.5286,0.0009
131.9,4.403,2453,450,0.5286,0.0009
131.9,4.525,2453,450,0.5286,0.0009
131.9,4.648,2453,450,0.5286,0.0009
131.9,4.771,2453,450,0.5286,0.0009
131.9,4.893,2453,450,0.5286,0.0009
131.9,5.016,2453,450,0.5286,0.0009
131.9,5.139,2453,450,0.5286,0.0009
131.9,5.261,2453,450,0.5286,0.0009
131.9,5.384,2453,450,0.5286,0.0009
131.9,5.507,2453,450,0.5286,0.0009
131.9,5.629,2453,450,0.5286,0.0009
131.9,5.752,2453,450,0.5286,0.0009
131.9,5.875,2453,450,0.5286,0.0009
131.9,5.997,2453,450,0.5286,0.0009
134.7,-0.01378,2458,258.1,0.8861,0.0042
134.7,0.1089,2457,263.4,0.8722,0.0039
134.7,0.2316,2457,268.9,0.8575,0.0036
134.7,0.3543,2456,274.9,0.8418,0.0033
134.7,0.4769,2456,281.4,0.825,0.0031
134.7,0.5996,2455,288.5,0.8071,0.0028
134.7,0.7223,2455,296.4,0.7877,0.0026
134.7,0.845,2455,305.4,0.7667,0.0023
134.7,0.9677,2454,315.4,0.744,0.0021
134.7,1.09,2454,326.9,0.7194,0.0019
134.7,1.213,2454,340.1,0.6931,0.0017
134.7,1.336,2454,354.9,0.6654,0.0016
134.7,1.458,2453,371.3,0.6371,0.0014
134.7,1.581,2453,388.6,0.6096,0.0013
134.7,1.704,2453,405.7,0.5846,0.0012
134.7,1.826,2453,421.5,0.5633,0.0011
134.7,1.949,2453,435.3,0.5457,0.001
134.7,2.072,2453,447.4,0.5312,0.001
134.7,2.194,2453,449.6,0.5287,0.001
134.7,2.317,2453,449.6,0.5287,0.001
134.7,2.44,2453,449.6,0.5287,0.001
134.7,2.562,2453,449.6,0.5287,0.001
134.7,2.685,2453,449.6,0.5287,0.001
134.7,2.808,2453,449.6,0.5287,0.001
134.7,2.931,2453,449.6,0.5287,0.001
134.7,3.053,2453,449.6,0.5287,0.001
134.7,3.176,2453,449.6,0.5287,0.001
134.7,3.299,2453,449.6,0.5287,0.001
134.7,3.421,2453,449.6,0.5287,0.001
134.7,3.544,2453,449.6,0.5287,0.001
134.7,3.667,2453,449.6,0.5287,0.001
134.7,3.789,2453,449.6,0.5287,0.001
134.7,3.912,2453,449.6,0.5287,0.001
134.7,4.035,2453,449.6,0.5287,0.001
134.7,4.157,2453,449.6,0.5287,0.001
134.7,4.28,2453,449.6,0.5287,0.001
134.7,4.403,2453,449.6,0.5287,0.001
134.7,4.525,2453,449.6,0.5287,0.001
134.7,4.648,2453,449.6,0.5287,0.001
134.7,4.771,2453,449.6,0.5287,0.001
134.7,4.893,2453,449.6,0.5287,0.001
134.7,5.016,2453,449.6,0.5287,0.001
134.7,5.139,2453,449.6,0.5287,0.001
134.7,5.261,2453,449.6,0.5287,0.001
134.7,5.384,2453,449.6,0.5287,0.001
134.7,5.507,2453,449.6,0.5287,0.001
134.7,5.629,2453,449.6,0.5287,0.001
134.7,5.752,2453,449.6,0.5287,0.001
134.7,5.875,2453,449.6,0.5287,0.001
134.7,5.997,2453,449.6,0.5287,0.001
137.6,-0.01378,2459,253.7,0.8951,0.0047
137.6,0.1089,2458,258.5,0.8827,0.0044
137.6,0.2316,2458,263.4,0.8697,0.0041
137.6,0.3543,2457,268.6,0.856,0.0038
137.6,0.4769,2457,274.2,0.8415,0.0036
137.6,0.5996,2457,280.2,0.826,0.0033
137.6,0.7223,2456,286.8,0.8095,0.0031
137.6,0.845,2456,294,0.7919,0.0028
137.6,0.9677,2455,302,0.7729,0.0026
137.6,1.09,2455,311,0.7524,0.0024
137.6,1.213,2455,321.1,0.7305,0.0022
137.6,1.336,2455,332.5,0.707,0.002
137.6,1.458,2454,345.4,0.682,0.0018
137.6,1.581,2454,359.7,0.6561,0.0016
137.6,1.704,2454,375.2,0.63,0.0015
137.6,1.826,2454,391.4,0.6049,0.0014
137.6,1.949,2454,407.2,0.5821,0.0013
137.6,2.072,2454,421.7,0.5624,0.0012
137.6,2.194,2454,434.7,0.546,0.0011
137.6,2.317,2454,446.1,0.5323,0.0011
137.6,2.44,2454,449.1,0.5288,0.0011
137.6,2.562,2454,449.1,0.5288,0.0011
137.6,2.685,2454,449.1,0.5288,0.0011
137.6,2.808,2454,449.1,0.5288,0.0011
137.6,2.931,2454,449.1,0.5288,0.0011
137.6,3.053,2454,449.1,0.5288,0.0011
137.6,3.176,2454,449.1,0.5288,0.0011
137.6,3.299,2454,449.1,0.5288,0.0011
137.6,3.421,2454,449.1,0.5288,0.0011
137.6,3.544,2454,449.1,0.5288,0.0011
137.6,3.667,2454,449.1,0.5288,0.0011
137.6,3.789,2454,449.1,0.5288,0.0011
137.6,3.912,2454,449.1,0.5288,0.0011
137.6,4.035,2454,449.1,0.5288,0.0011
137.6,4.157,2454,449.1,0.5288,0.0011
137.6,4.28,2454,449.1,0.5288,0.0011
137.6,4.403,2454,449.1,0.5288,0.0011
137.6,4.525,2454,449.1,0.5288,0.0011
137.6,4.648,2454,449.1,0.5288,0.0011
137.6,4.771,2454,449.1,0.5288,0.0011
137.6,4.893,2454,449.1,0.5288,0.0011
137.6,5.016,2454,449.1,0.5288,0.0011
137.6,5.139,2454,449.1,0.5288,0.0011
137.6,5.261,2454,449.1,0.5288,0.0011
137.6,5.384,2454,449.1,0.5288,0.0011
137.6,5.507,2454,449.1,0.5288,0.0011
137.6,5.629,2454,449.1,0.5288,0.0011
137.6,5.752,2454,449.1,0.5288,0.0011
137.6,5.875,2454,449.1,0.5288,0.0011
137.6,5.997,2454,449.1,0.5288,0.0011
140.4,-0.01378,2460,249.4,0.9031,0.0053
140.4,0.1089,2460,253.8,0.8919,0.005
140.4,0.2316,2459,258.3,0.8803,0.0047
140.4,0.3543,2459,263,0.8682,0.0044
140.4,0.4769,2458,267.9,0.8555,0.0041
140.4,0.5996,2458,273.1,0.8421,0.0039
140.4,0.7223,2457,278.6,0.8279,0.0036
140.4,0.845,2457,284.7,0.8128,0.0034
140.4,0.9677,2457,291.2,0.7968,0.0031
140.4,1.09,2456,298.4,0.7796,0.0029
140.4,1.213,2456,306.4,0.7613,0.0027
140.4,1.336,2456,315.3,0.7416,0.0025
140.4,1.458,2455,325.2,0.7207,0.0023
140.4,1.581,2455,336.3,0.6984,0.0021
140.4,1.704,2455,348.6,0.675,0.0019
140.4,1.826,2455,362.2,0.6509,0.0017
140.4,1.949,2454,376.8,0.6267,0.0016
140.4,2.072,2454,391.8,0.6035,0.0015
140.4,2.194,2454,406.5,0.5824,0.0014
140.4,2.317,2454,420.2,0.5639,0.0013
140.4,2.44,2454,432.5,0.5482,0.0012
140.4,2.562,2454,443.5,0.5349,0.0012
140.4,2.685,2454,448.6,0.5289,0.0011
140.4,2.808,2454,448.6,0.5289,0.0011
140.4,2.931,2454,448.6,0.5289,0.0011
140.4,3.053,2454,448.6,0.5289,0.0011
140.4,3.176,2454,448.6,0.5289,0.0011
140.4,3.299,2454,448.6,0.5289,0.0011
140.4,3.421,2454,448.6,0.5289,0.0011
140.4,3.544,2454,448.6,0.5289,0.0011
140.4,3.667,2454,448.6,0.5289,0.0011
140.4,3.789,2454,448.6,0.5289,0.0011
140.4,3.912,2454,448.6,0.5289,0.0011
140.4,4.035,2454,448.6,0.5289,0.0011
140.4,4.157,2454,448.6,0.5289,0.0011
140.4,4.28,2454,448.6,0.5289,0.0011
140.4,4.403,2454,448.6,0.5289,0.0011
140.4,4.525,2454,448.6,0.5289,0.0011
140.4,4.648,2454,448.6,0.5289,0.0011
140.4,4.771,2454,448.6,0.5289,0.0011
140.4,4.893,2454,448.6,0.5289,0.0011
140.4,5.016,2454,448.6,0.5289,0.0011
140.4,5.139,2454,448.6,0.5289,0.0011
140.4,5.261,2454,448.6,0.5289,0.0011
140.4,5.384,2454,448.6,0.5289,0.0011
140.4,5.507,2454,448.6,0.5289,0.0011
140.4,5.629,2454,448.6,0.5289,0.0011
140.4,5.752,2454,448.6,0.5289,0.0011
140.4,5.875,2454,448.6,0.5289,0.0011
140.4,5.997,2454,448.6,0.5289,0.0011
143.2,-0.01378,2461,245.3,0.9102,0.006
143.2,0.1089,2461,249.4,0.9001,0.0056
143.2,0.2316,2460,253.5,0.8897,0.0053
143.2,0.3543,2460,257.8,0.8789,0.005
143.2,0.4769,2459,262.1,0.8677,0.0047
143.2,0.5996,2459,266.7,0.8559,0.0044
143.2,0.7223,2459,271.6,0.8435,0.0042
143.2,0.845,2458,276.7,0.8305,0.0039
143.2,0.9677,2458,282.2,0.8168,0.0037
143.2,1.09,2457,288.2,0.8022,0.0034
143.2,1.213,2457,294.7,0.7867,0.0032
143.2,1.336,2457,301.8,0.7702,0.003
143.2,1.458,2456,309.6,0.7527,0.0028
143.2,1.581,2456,318.2,0.734,0.0026
143.2,1.704,2456,327.8,0.7142,0.0024
143.2,1.826,2456,338.4,0.6933,0.0022
143.2,1.949,2455,350,0.6714,0.002
143.2,2.072,2455,362.8,0.649,0.0019
143.2,2.194,2455,376.3,0.6266,0.0017
143.2,2.317,2455,390.3,0.605,0.0016
143.2,2.44,2455,404.1,0.5851,0.0015
143.2,2.562,2455,417.1,0.5674,0.0014
143.2,2.685,2455,429,0.5521,0.0013
143.2,2.808,2455,439.6,0.539,0.0013
143.2,2.931,2455,448.1,0.529,0.0012
143.2,3.053,2455,448.1,0.529,0.0012
143.2,3.176,2455,448.1,0.529,0.0012
143.2,3.299,2455,448.1,0.529,0.0012
143.2,3.421,2455,448.1,0.529,0.0012
143.2,3.544,2455,448.1,0.529,0.0012
143.2,3.667,2455,448.1,0.529,0.0012
143.2,3.789,2455,448.1,0.529,0.0012
143.2,3.912,2455,448.1,0.529,0.0012
143.2,4.035,2455,448.1,0.529,0.0012
143.2,4.157,2455,448.1,0.529,0.0012
143.2,4.28,2455,448.1,0.529,0.0012
143.2,4.403,2455,448.1,0.529,0.0012
143.2,4.525,2455,448.1,0.529,0.0012
143.2,4.648,2455,448.1,0.529,0.0012
143.2,4.771,2455,448.1,0.529,0.0012
143.2,4.893,2455,448.1,0.529,0.0012
143.2,5.016,2455,448.1,0.529,0.0012
143.2,5.139,2455,448.1,0.529,0.0012
143.2,5.261,2455,448.1,0.529,0.0012
143.2,5.384,2455,448.1,0.529,0.0012
143.2,5.507,2455,448.1,0.529,0.0012
143.2,5.629,2455,448.1,0.529,0.0012
143.2,5.752,2455,448.1,0.529,0.0012
143.2,5.875,2455,448.1,0.529,0.0012
143.2,5.997,2455,448.1,0.529,0.0012
146.1,-0.01378,2463,241.2,0.9166,0.0067
146.1,0.1089,2462,245.1,0.9075,0.0063
146.1,0.2316,2462,248.9,0.898,0.006
146.1,0.3543,2461,252.8,0.8883,0.0057
146.1,0.4769,2461,256.8,0.8783,0.0054
146.1,0.5996,2460,260.9,0.8679,0.0051
146.1,0.7223,2460,265.2,0.857,0.0048
146.1,0.845,2460,269.7,0.8456,0.0045
146.1,0.9677,2459,274.5,0.8337,0.0043
146.1,1.09,2459,279.6,0.8212,0.004
146.1,1.213,2458,285,0.8079,0.0038
146.1,1.336,2458,290.8,0.7939,0.0036
146.1,1.458,2458,297.1,0.7791,0.0033
146.1,1.581,2457,304,0.7635,0.0031
146.1,1.704,2457,311.5,0.7468,0.0029
146.1,1.826,2457,319.8,0.7292,0.0027
146.1,1.949,2456,328.8,0.7107,0.0025
146.1,2.072,2456,338.8,0.6911,0.0023
146.1,2.194,2456,349.8,0.6709,0.0022
146.1,2.317,2456,361.6,0.6501,0.002
146.1,2.44,2456,374.2,0.6292,0.0019
146.1,2.562,2455,387.2,0.609,0.0017
146.1,2.685,2455,400.1,0.59,0.0016
146.1,2.808,2455,412.5,0.5728,0.0015
146.1,2.931,2455,424,0.5577,0.0015
146.1,3.053,2455,434.5,0.5446,0.0014
146.1,3.176,2455,444.1,0.5332,0.0014
146.1,3.299,2455,447.5,0.5292,0.0013
146.1,3.421,2455,447.5,0.5292,0.0013
146.1,3.544,2455,447.5,0.5292,0.0013
146.1,3.667,2455,447.5,0.5292,0.0013
146.1,3.789,2455,447.5,0.5292,0.0013
146.1,3.912,2455,447.5,0.5292,0.0013
146.1,4.035,2455,447.5,0.5292,0.0013
146.1,4.157,2455,447.5,0.5292,0.0013
146.1,4.28,2455,447.5,0.5292,0.0013
146.1,4.403,2455,447.5,0.5292,0.0013
146.1,4.525,2455,447.5,0.5292,0.0013
146.1,4.648,2455,447.5,0.5292,0.0013
146.1,4.771,2455,447.5,0.5292,0.0013
146.1,4.893,2455,447.5,0.5292,0.0013
146.1,5.016,2455,447.5,0.5292,0.0013
146.1,5.139,2455,447.5,0.5292,0.0013
146.1,5.261,2455,447.5,0.5292,0.0013
146.1,5.384,2455,447.5,0.5292,0.0013
146.1,5.507,2455,447.5,0.5292,0.0013
146.1,5.629,2455,447.5,0.5292,0.0013
146.1,5.752,2455,447.5,0.5292,0.0013
146.1,5.875,2455,447.5,0.5292,0.0013
146.1,5.997,2455,447.5,0.5292,0.0013
148.9,-0.01378,2464,237,0.9224,0.0074
148.9,0.1089,2464,240.8,0.914,0.0071
148.9,0.2316,2463,244.4,0.9055,0.0067
148.9,0.3543,2463,248.1,0.8967,0.0064
148.9,0.4769,2462,251.8,0.8877,0.0061
148.9,0.5996,2462,255.6,0.8784,0.0058
148.9,0.7223,2461,259.4,0.8687,0.0055
148.9,0.845,2461,263.4,0.8587,0.0052
148.9,0.9677,2461,267.6,0.8482,0.0049
148.9,1.09,2460,272,0.8373,0.0047
148.9,1.213,2460,276.7,0.8259,0.0044
148.9,1.336,2459,281.6,0.8139,0.0042
148.9,1.458,2459,286.8,0.8012,0.004
148.9,1.581,2459,292.5,0.7879,0.0037
148.9,1.704,2458,298.5,0.7739,0.0035
148.9,1.826,2458,305.1,0.7591,0.0033
148.9,1.949,2458,312.3,0.7435,0.0031
148.9,2.072,2457,320.1,0.727,0.0029
148.9,2.194,2457,328.6,0.7097,0.0027
148.9,2.317,2457,337.9,0.6916,0.0025
148.9,2.44,2457,348.1,0.6728,0.0024
148.9,2.562,2456,359,0.6535,0.0022
148.9,2.685,2456,370.6,0.6341,0.002
148.9,2.808,2456,382.6,0.6151,0.0019
148.9,2.931,2456,394.8,0.5969,0.0018
148.9,3.053,2456,406.6,0.5801,0.0017
148.9,3.176,2456,417.9,0.5651,0.0016
148.9,3.299,2456,428.3,0.5518,0.0015
148.9,3.421,2456,437.8,0.5401,0.0015
148.9,3.544,2456,446.4,0.5299,0.0014
148.9,3.667,2456,447,0.5293,0.0014
148.9,3.789,2456,447,0.5293,0.0014
148.9,3.912,2456,447,0.5293,0.0014
148.9,4.035,2456,447,0.5293,0.0014
148.9,4.157,2456,447,0.5293,0.0014
148.9,4.28,2456,447,0.5293,0.0014
148.9,4.403,2456,447,0.5293,0.0014
148.9,4.525,2456,447,0.5293,0.0014
148.9,4.648,2456,447,0.5293,0.0014
148.9,4.771,2456,447,0.5293,0.0014
148.9,4.893,2456,447,0.5293,0.0014
148.9,5.016,2456,447,0.5293,0.0014
148.9,5.139,2456,447,0.5293,0.0014
148.9,5.261,2456,447,0.5293,0.0014
148.9,5.384,2456,447,0.5293,0.0014
148.9,5.507,2456,447,0.5293,0.0014
148.9,5.629,2456,447,0.5293,0.0014
148.9,5.752,2456,447,0.5293,0.0014
148.9,5.875,2456,447,0.5293,0.0014
148.9,5.997,2456,447,0.5293,0.0014
